roc_auc,pr_auc,f1,far,n_norm,n_anom,condition,fs_hz,mode,label,subset,n_fault_windows
0.6188473597859567,0.8565697622048479,0.11912751677852348,0.01680672268907563,833,3349,full_48kHz,48000.0,ideal,horizontal_misalignment,all_severities,3349
0.8982823654103931,0.9798062458871695,0.5430038510911425,0.01680672268907563,833,5661,full_48kHz,48000.0,ideal,imbalance,all_severities,5661
0.9837824352583455,0.9934314266662407,0.8449593295538576,0.01680672268907563,833,2329,full_48kHz,48000.0,ideal,overhang_ball_fault,all_severities,2329
0.9983152925035561,0.9983229793220967,0.9825825825825826,0.01680672268907563,833,833,full_48kHz,48000.0,ideal,overhang_ball_fault,added_mass_0g_only,833
0.9756902761104442,0.983268781126315,0.744804655029094,0.01680672268907563,833,1496,full_48kHz,48000.0,ideal,overhang_ball_fault,added_mass_above_0g,1496
0.8809556363221133,0.9583596749689194,0.4714285714285714,0.01680672268907563,833,3196,full_48kHz,48000.0,ideal,overhang_cage_fault,all_severities,3196
0.7933444686397968,0.7485182230924974,0.11777777777777777,0.01680672268907563,833,833,full_48kHz,48000.0,ideal,overhang_cage_fault,added_mass_0g_only,833
0.9118401486705559,0.9584549949350677,0.5654797827398914,0.01680672268907563,833,2363,full_48kHz,48000.0,ideal,overhang_cage_fault,added_mass_above_0g,2363
0.9117977604057894,0.9736443663637377,0.6314218716691536,0.01680672268907563,833,3196,full_48kHz,48000.0,ideal,overhang_outer_race,all_severities,3196
0.9267923255736868,0.9311211265028572,0.7186081694402421,0.01680672268907563,833,833,full_48kHz,48000.0,ideal,overhang_outer_race,added_mass_0g_only,833
0.9065119064976815,0.960952027356982,0.5947383978717115,0.01680672268907563,833,2363,full_48kHz,48000.0,ideal,overhang_outer_race,added_mass_above_0g,2363
0.8703769933020647,0.9564093442007815,0.3853584138281647,0.01680672268907563,833,3162,full_48kHz,48000.0,ideal,underhang_ball_fault,all_severities,3162
0.8834828048866606,0.8871597805701606,0.5996758508914101,0.01680672268907563,833,850,full_48kHz,48000.0,ideal,underhang_ball_fault,added_mass_0g_only,850
0.8655586802194927,0.935874308151886,0.28592483419307296,0.01680672268907563,833,2312,full_48kHz,48000.0,ideal,underhang_ball_fault,added_mass_above_0g,2312
0.8105720385776338,0.9358978536304179,0.3202511773940345,0.01680672268907563,833,3196,full_48kHz,48000.0,ideal,underhang_cage_fault,all_severities,3196
0.6484063012960286,0.6290387030799831,0.16268980477223427,0.01680672268907563,833,833,full_48kHz,48000.0,ideal,underhang_cage_fault,added_mass_0g_only,833
0.8677383776193507,0.938882909571866,0.3685655456417296,0.01680672268907563,833,2363,full_48kHz,48000.0,ideal,underhang_cage_fault,added_mass_above_0g,2363
0.8195871699063256,0.934504469977485,0.3011624763449581,0.01680672268907563,833,3128,full_48kHz,48000.0,ideal,underhang_outer_race,all_severities,3128
0.6736178264823336,0.6234109464899763,0.0771850170261067,0.01680672268907563,833,833,full_48kHz,48000.0,ideal,underhang_outer_race,added_mass_0g_only,833
0.8725686352972561,0.9370797325376684,0.3693502824858757,0.01680672268907563,833,2295,full_48kHz,48000.0,ideal,underhang_outer_race,added_mass_above_0g,2295
0.6915683216808318,0.9205497236990661,0.13248407643312102,0.01680672268907563,833,5117,full_48kHz,48000.0,ideal,vertical_misalignment,all_severities,5117
0.507056092069554,0.8087868326274611,0.08373682711478211,0.01800720288115246,833,3349,240Hz_boxcar,240.0,boxcar,horizontal_misalignment,all_severities,3349
0.8239094259855506,0.9572633839102077,0.08953214405923932,0.01800720288115246,833,5661,240Hz_boxcar,240.0,boxcar,imbalance,all_severities,5661
0.8780427585375068,0.9439061477724615,0.33167259786476866,0.01800720288115246,833,2329,240Hz_boxcar,240.0,boxcar,overhang_ball_fault,all_severities,2329
0.8263281302917326,0.7958867452621765,0.19574468085106383,0.01800720288115246,833,833,240Hz_boxcar,240.0,boxcar,overhang_ball_fault,added_mass_0g_only,833
0.9068384038107221,0.9369292344212107,0.396816976127321,0.01800720288115246,833,1496,240Hz_boxcar,240.0,boxcar,overhang_ball_fault,added_mass_above_0g,1496
0.7924559060169749,0.9195494451269901,0.07609346914319952,0.01800720288115246,833,3196,240Hz_boxcar,240.0,boxcar,overhang_cage_fault,all_severities,3196
0.561483176704055,0.5656465768156589,0.09652076318742986,0.01800720288115246,833,833,240Hz_boxcar,240.0,boxcar,overhang_cage_fault,added_mass_0g_only,833
0.8738779472855582,0.9225761702494415,0.06823720552396426,0.01800720288115246,833,2363,240Hz_boxcar,240.0,boxcar,overhang_cage_fault,added_mass_above_0g,2363
0.8882742083066019,0.9472330305878183,0.10448642266824085,0.01800720288115246,833,3196,240Hz_boxcar,240.0,boxcar,overhang_outer_race,all_severities,3196
0.8651729599402787,0.8067844139361058,0.1197339246119734,0.01800720288115246,833,833,240Hz_boxcar,240.0,boxcar,overhang_outer_race,added_mass_0g_only,833
0.8964178138458092,0.9328411535519021,0.09836065573770492,0.01800720288115246,833,2363,240Hz_boxcar,240.0,boxcar,overhang_outer_race,added_mass_above_0g,2363
0.6524928757081581,0.8647200866472002,0.08959711365003006,0.01800720288115246,833,3162,240Hz_boxcar,240.0,boxcar,underhang_ball_fault,all_severities,3162
0.5542419320669444,0.5537498209745364,0.12364425162689804,0.01800720288115246,833,850,240Hz_boxcar,240.0,boxcar,underhang_ball_fault,added_mass_0g_only,850
0.6886145461644865,0.8402262205919329,0.07606448945845391,0.01800720288115246,833,2312,240Hz_boxcar,240.0,boxcar,underhang_ball_fault,added_mass_above_0g,2312
0.7061974977725758,0.8916015982908694,0.11284161034381428,0.01800720288115246,833,3196,240Hz_boxcar,240.0,boxcar,underhang_cage_fault,all_severities,3196
0.5752548318246866,0.5869398889518591,0.1565217391304348,0.01800720288115246,833,833,240Hz_boxcar,240.0,boxcar,underhang_cage_fault,added_mass_0g_only,833
0.7523571426031267,0.8762101410577166,0.09607686148919135,0.01800720288115246,833,2363,240Hz_boxcar,240.0,boxcar,underhang_cage_fault,added_mass_above_0g,2363
0.7015632339892479,0.8799843213698748,0.06226880394574599,0.01800720288115246,833,3128,240Hz_boxcar,240.0,boxcar,underhang_outer_race,all_severities,3128
0.5488197680032397,0.5226863366949548,0.04608294930875576,0.01800720288115246,833,833,240Hz_boxcar,240.0,boxcar,underhang_outer_race,added_mass_0g_only,833
0.7570034549767619,0.8691897513034027,0.06775407779171895,0.01800720288115246,833,2295,240Hz_boxcar,240.0,boxcar,underhang_outer_race,added_mass_above_0g,2295
0.5585421192123519,0.8806648773834341,0.0692249811888638,0.01800720288115246,833,5117,240Hz_boxcar,240.0,boxcar,vertical_misalignment,all_severities,5117
