roc_auc_mean,roc_auc_std,pr_auc_mean,pr_auc_std,f1_mean,f1_std,far_mean,far_std,n_folds,dataset,detector,fs_hz,label
0.6217318930588827,0.09752195935290722,0.8595557749352313,0.04177473371038455,0.1160212182484646,0.05442099137902412,0.017516339869281045,0.020520169672964123,5,mafaulda,mahalanobis,48000.0,horizontal_misalignment
0.8894021086764979,0.04538887951557828,0.9762750751810124,0.011969169536070677,0.5280876050359479,0.2514641084382718,0.017516339869281045,0.020520169672964123,5,mafaulda,mahalanobis,48000.0,imbalance
0.9802416652935684,0.020342420677496607,0.991988254316283,0.007863612483837044,0.845070521582722,0.04594542737307694,0.017516339869281045,0.020520169672964123,5,mafaulda,mahalanobis,48000.0,overhang_ball_fault
0.8736779048215946,0.07905024321673335,0.9512283430915964,0.03705169537631987,0.4528716400466467,0.21945211696827105,0.017516339869281045,0.020520169672964123,5,mafaulda,mahalanobis,48000.0,overhang_cage_fault
0.9035080226830363,0.07354255156243192,0.9683462247615836,0.02717347597314291,0.6229698949603947,0.19964697061383568,0.017516339869281045,0.020520169672964123,5,mafaulda,mahalanobis,48000.0,overhang_outer_race
0.8676110840397856,0.07058574341898138,0.9556288209396051,0.02396364535976931,0.372054805801584,0.06937098135124922,0.017516339869281045,0.020520169672964123,5,mafaulda,mahalanobis,48000.0,underhang_ball_fault
0.8075338350552336,0.08751380883685723,0.9318676300596106,0.036810080172886304,0.3061521057414815,0.1692416104192246,0.017516339869281045,0.020520169672964123,5,mafaulda,mahalanobis,48000.0,underhang_cage_fault
0.8121309775750376,0.07844353055960927,0.9273650642506197,0.039614611971151174,0.28103789398904716,0.15312785801232562,0.017516339869281045,0.020520169672964123,5,mafaulda,mahalanobis,48000.0,underhang_outer_race
0.694725448177771,0.0972957834495463,0.9234202685445521,0.02532018520760939,0.1297590493269665,0.059464638626661646,0.017516339869281045,0.020520169672964123,5,mafaulda,mahalanobis,48000.0,vertical_misalignment
0.6819437445164088,0.06557093969644152,0.8863866129270364,0.03375086597778542,0.4156799095137833,0.07339001112055059,0.10862745098039217,0.08268606759728049,5,mafaulda,ocsvm,48000.0,horizontal_misalignment
0.9151401724035096,0.026103315546729036,0.9838276818709643,0.009117188180124193,0.904904372484749,0.024166365422042077,0.10862745098039217,0.08268606759728049,5,mafaulda,ocsvm,48000.0,imbalance
0.993784167261676,0.006514367469018561,0.9974418173606203,0.0027366333528697755,0.9772131398760866,0.013327917069573373,0.10862745098039217,0.08268606759728049,5,mafaulda,ocsvm,48000.0,overhang_ball_fault
0.9289813087536635,0.025669859022564946,0.9747807799610166,0.017293944759366985,0.9040894930607155,0.007531084115238105,0.10862745098039217,0.08268606759728049,5,mafaulda,ocsvm,48000.0,overhang_cage_fault
0.9509792327384752,0.03151978748823135,0.9853968817715926,0.010812576313998049,0.9352706346405621,0.027905583614095633,0.10862745098039217,0.08268606759728049,5,mafaulda,ocsvm,48000.0,overhang_outer_race
0.9421072593263451,0.023957646681719173,0.9805000196883646,0.010248345253955876,0.8844816070436133,0.02560141859221421,0.10862745098039217,0.08268606759728049,5,mafaulda,ocsvm,48000.0,underhang_ball_fault
0.9132351546593032,0.03489251242670102,0.9684447463811114,0.0153476669340441,0.8203723037985473,0.014348423681671257,0.10862745098039217,0.08268606759728049,5,mafaulda,ocsvm,48000.0,underhang_cage_fault
0.9079310567776542,0.0348448927672459,0.9661494981388923,0.0224244028808365,0.8248471978050196,0.04958421024414699,0.10862745098039217,0.08268606759728049,5,mafaulda,ocsvm,48000.0,underhang_outer_race
0.785588197477641,0.05474046483762693,0.9504783750618447,0.01908704568123748,0.6174081522704901,0.09147340766472986,0.10862745098039217,0.08268606759728049,5,mafaulda,ocsvm,48000.0,vertical_misalignment
0.6211914549630813,0.09748865367365034,0.8592880223394026,0.04177636209185325,0.11597646099911792,0.05563701780813964,0.017516339869281045,0.020520169672964123,5,mafaulda,mahalanobis,4000.0,horizontal_misalignment
0.8894654371357362,0.04506883252599789,0.976304748647897,0.011859147557751068,0.5279744386372336,0.24968633506096802,0.017516339869281045,0.020520169672964123,5,mafaulda,mahalanobis,4000.0,imbalance
0.9803864813899417,0.020177182202194804,0.9920491393507099,0.007794547968081523,0.8457988185333795,0.04786346812482793,0.017516339869281045,0.020520169672964123,5,mafaulda,mahalanobis,4000.0,overhang_ball_fault
0.8735310251063302,0.07893063171182081,0.9511701428595914,0.03696862711588741,0.4545121148416512,0.2202778926678783,0.017516339869281045,0.020520169672964123,5,mafaulda,mahalanobis,4000.0,overhang_cage_fault
0.9040144588223262,0.07320619463416773,0.968525917476925,0.026967478231945896,0.6214643216168867,0.19873247532320054,0.017516339869281045,0.020520169672964123,5,mafaulda,mahalanobis,4000.0,overhang_outer_race
0.8669427504357389,0.07096261640566398,0.9552992558835525,0.024227732887907437,0.37114359657819496,0.07011204864540779,0.017516339869281045,0.020520169672964123,5,mafaulda,mahalanobis,4000.0,underhang_ball_fault
0.8074648770059442,0.08738138400103508,0.9317674337118877,0.036667220334409695,0.2996679197433764,0.16562982411519778,0.017516339869281045,0.020520169672964123,5,mafaulda,mahalanobis,4000.0,underhang_cage_fault
0.8118829325288381,0.0785005875765867,0.9273092167478794,0.03949198685689335,0.28014051153918096,0.15290412760382782,0.017516339869281045,0.020520169672964123,5,mafaulda,mahalanobis,4000.0,underhang_outer_race
0.6948073124460328,0.09788065620142526,0.9233605437074333,0.02547092498165569,0.13081855474551157,0.05857555327842659,0.017516339869281045,0.020520169672964123,5,mafaulda,mahalanobis,4000.0,vertical_misalignment
0.6823047052908644,0.06577662575835115,0.8864942419120518,0.03380451639752226,0.4184948914888976,0.07338979814723331,0.10980392156862746,0.08505149174233853,5,mafaulda,ocsvm,4000.0,horizontal_misalignment
0.9151833193613911,0.026094449761112665,0.9838331748948856,0.009135299164105595,0.905427601095656,0.02453142994015227,0.10980392156862746,0.08505149174233853,5,mafaulda,ocsvm,4000.0,imbalance
0.993869279011532,0.006485632335098137,0.9974741432790344,0.002722627447236084,0.9772302532963296,0.013644540916306458,0.10980392156862746,0.08505149174233853,5,mafaulda,ocsvm,4000.0,overhang_ball_fault
0.92904519161303,0.025741367835120616,0.9747955502974983,0.017337618579361773,0.9050384268660725,0.0071480254522119195,0.10980392156862746,0.08505149174233853,5,mafaulda,ocsvm,4000.0,overhang_cage_fault
0.9511906953393021,0.03140125543487009,0.9854466658913964,0.010780398790378625,0.936008627742123,0.027635042097556316,0.10980392156862746,0.08505149174233853,5,mafaulda,ocsvm,4000.0,overhang_outer_race
0.9419801608200806,0.024171427041124384,0.9804009954400665,0.010347739047464609,0.8864705824969418,0.024382072903628593,0.10980392156862746,0.08505149174233853,5,mafaulda,ocsvm,4000.0,underhang_ball_fault
0.9134944268617552,0.034859267870118574,0.9684997508329631,0.015371670771702225,0.8246464712456225,0.01291764235506075,0.10980392156862746,0.08505149174233853,5,mafaulda,ocsvm,4000.0,underhang_cage_fault
0.9082276278585392,0.034964042542278355,0.966223332641135,0.02245785427084114,0.8270611781384783,0.04885070229173619,0.10980392156862746,0.08505149174233853,5,mafaulda,ocsvm,4000.0,underhang_outer_race
0.7860576407140591,0.05479643785438191,0.9505415306027356,0.019127163066839807,0.6230261032039213,0.09005631762204043,0.10980392156862746,0.08505149174233853,5,mafaulda,ocsvm,4000.0,vertical_misalignment
0.6195698104279419,0.0976664607040148,0.8584379523372008,0.04195398414791404,0.11336314721567789,0.055048875157770356,0.017516339869281045,0.020520169672964123,5,mafaulda,mahalanobis,2000.0,horizontal_misalignment
0.8896382075502046,0.04408122232671612,0.9764065152508812,0.01149622700321157,0.5203286319841116,0.24571205369247004,0.017516339869281045,0.020520169672964123,5,mafaulda,mahalanobis,2000.0,imbalance
0.9806804668127235,0.019830511241384977,0.9921790329476863,0.007649628723485197,0.8491666008670464,0.04784903354098131,0.017516339869281045,0.020520169672964123,5,mafaulda,mahalanobis,2000.0,overhang_ball_fault
0.8731098171564389,0.07823096423570952,0.9511299395102497,0.03646503562059127,0.4500954294449663,0.2174142596655953,0.017516339869281045,0.020520169672964123,5,mafaulda,mahalanobis,2000.0,overhang_cage_fault
0.9053541722381642,0.07218312799756155,0.9690474742375755,0.02625958384598126,0.6175967233017002,0.19323033510479046,0.017516339869281045,0.020520169672964123,5,mafaulda,mahalanobis,2000.0,overhang_outer_race
0.8646279059974198,0.07235449598263191,0.9541095487604412,0.02507433233034929,0.3610987605439179,0.06933388170786997,0.017516339869281045,0.020520169672964123,5,mafaulda,mahalanobis,2000.0,underhang_ball_fault
0.8071541692849287,0.08678330023982515,0.9316474284308199,0.036147181176116455,0.28660698654142475,0.15758908562746438,0.017516339869281045,0.020520169672964123,5,mafaulda,mahalanobis,2000.0,underhang_cage_fault
0.8111316160451107,0.07887110264745732,0.9271843342880863,0.03894186550368009,0.27083444136666046,0.14579179642090492,0.017516339869281045,0.020520169672964123,5,mafaulda,mahalanobis,2000.0,underhang_outer_race
0.694749257851646,0.09961001982804028,0.9232084025169207,0.026153510026756577,0.1300647052508917,0.06000097994522005,0.017516339869281045,0.020520169672964123,5,mafaulda,mahalanobis,2000.0,vertical_misalignment
0.6831268545628406,0.06613959542090296,0.8866604144957633,0.033918773039747295,0.42847355684150035,0.07445093770417582,0.11098039215686276,0.08430916540336021,5,mafaulda,ocsvm,2000.0,horizontal_misalignment
0.9151102218452319,0.02613665859713148,0.9838069132007353,0.009206475301637974,0.9058246221220289,0.025372904398039856,0.11098039215686276,0.08430916540336021,5,mafaulda,ocsvm,2000.0,imbalance
0.9939973331380483,0.006524512795133385,0.9975163148294353,0.0027412755731552455,0.9774494776328613,0.013444237123959391,0.11098039215686276,0.08430916540336021,5,mafaulda,ocsvm,2000.0,overhang_ball_fault
0.9291730885866745,0.02602945220373621,0.9748538384307434,0.017393835859834974,0.905793766678293,0.006483956543554703,0.11098039215686276,0.08430916540336021,5,mafaulda,ocsvm,2000.0,overhang_cage_fault
0.9517116570221653,0.031116952307599557,0.9856075892410194,0.010663508332892356,0.9372879662934981,0.026196241674620365,0.11098039215686276,0.08430916540336021,5,mafaulda,ocsvm,2000.0,overhang_outer_race
0.9418977382044218,0.02457830611753649,0.9802722465669375,0.0105602168789486,0.8896978933377824,0.02069964671027349,0.11098039215686276,0.08430916540336021,5,mafaulda,ocsvm,2000.0,underhang_ball_fault
0.9140966025212975,0.03462853395848111,0.9686393697029582,0.01536303563539844,0.8294643297375488,0.014478470475095406,0.11098039215686276,0.08430916540336021,5,mafaulda,ocsvm,2000.0,underhang_cage_fault
0.9087531245201372,0.03501496947858211,0.9663159632963024,0.0225173388439118,0.8322388716273081,0.047815784930317594,0.11098039215686276,0.08430916540336021,5,mafaulda,ocsvm,2000.0,underhang_outer_race
0.7871183802782873,0.054951458048751935,0.950667881901287,0.019351661645651535,0.6324526387753491,0.08435941900524771,0.11098039215686276,0.08430916540336021,5,mafaulda,ocsvm,2000.0,vertical_misalignment
0.620018030540522,0.09144668381513103,0.857902083712859,0.039320751175017946,0.10710919038731397,0.052202674066389176,0.019869281045751634,0.019501892397476354,5,mafaulda,mahalanobis,1000.0,horizontal_misalignment
0.9034362579469226,0.034135982873610846,0.980495036209305,0.008493638630755064,0.517504133970897,0.23280020501280063,0.019869281045751634,0.019501892397476354,5,mafaulda,mahalanobis,1000.0,imbalance
0.9887026764227841,0.008989333602965796,0.9952812480719799,0.0036454748354936544,0.8592270920553293,0.0643457694090447,0.019869281045751634,0.019501892397476354,5,mafaulda,mahalanobis,1000.0,overhang_ball_fault
0.8936250364369103,0.04193611924249367,0.962714271321014,0.018266099879264967,0.45867787715973946,0.10749888331202939,0.019869281045751634,0.019501892397476354,5,mafaulda,mahalanobis,1000.0,overhang_cage_fault
0.9218054386566497,0.04778257690005355,0.9761038459509113,0.014447201372807042,0.618090649549602,0.07155447360907438,0.019869281045751634,0.019501892397476354,5,mafaulda,mahalanobis,1000.0,overhang_outer_race
0.8635437185500926,0.07039128813489687,0.9543213549375988,0.02363224161721986,0.35642160996791405,0.11304651879993521,0.019869281045751634,0.019501892397476354,5,mafaulda,mahalanobis,1000.0,underhang_ball_fault
0.8145990463236865,0.07389650351966884,0.93810340379447,0.022978345175671353,0.28120640103225536,0.16464861769219422,0.019869281045751634,0.019501892397476354,5,mafaulda,mahalanobis,1000.0,underhang_cage_fault
0.8208164681405743,0.0754801983459662,0.9378257181355494,0.02762157455685555,0.28099412084278835,0.1969609447431593,0.019869281045751634,0.019501892397476354,5,mafaulda,mahalanobis,1000.0,underhang_outer_race
0.6921617263641768,0.10671689531613107,0.9225961587601141,0.028150058189411166,0.1356705810360494,0.07770823836781306,0.019869281045751634,0.019501892397476354,5,mafaulda,mahalanobis,1000.0,vertical_misalignment
0.6848863947791284,0.06615844765139017,0.8868768796880524,0.03410441415943426,0.41853218532359104,0.06381032740156571,0.10875816993464053,0.08766165504542989,5,mafaulda,ocsvm,1000.0,horizontal_misalignment
0.914589768295289,0.026369169257454174,0.9836901353055044,0.009409589304701975,0.9052552113109756,0.02592158839971888,0.10875816993464053,0.08766165504542989,5,mafaulda,ocsvm,1000.0,imbalance
0.9944840405297922,0.006493363115341242,0.9976874362879011,0.002719966087863129,0.9785183203373391,0.014042227992675585,0.10875816993464053,0.08766165504542989,5,mafaulda,ocsvm,1000.0,overhang_ball_fault
0.9291953527010893,0.02599178925717381,0.9748456790135723,0.017589827098575542,0.9081153222659314,0.0058212435329314275,0.10875816993464053,0.08766165504542989,5,mafaulda,ocsvm,1000.0,overhang_cage_fault
0.9539545901756794,0.029632689912507334,0.9862141807637279,0.01025066557767042,0.9412164598090224,0.0255918307874042,0.10875816993464053,0.08766165504542989,5,mafaulda,ocsvm,1000.0,overhang_outer_race
0.9403866933770413,0.02599291885500522,0.9791467469906724,0.011724391990102077,0.8881450445634437,0.02540553719892512,0.10875816993464053,0.08766165504542989,5,mafaulda,ocsvm,1000.0,underhang_ball_fault
0.915855757414672,0.034015391099417584,0.96896540516432,0.015458780721174138,0.8266083026579649,0.03385196142886537,0.10875816993464053,0.08766165504542989,5,mafaulda,ocsvm,1000.0,underhang_cage_fault
0.9109084286131577,0.03570097357601466,0.9666328024603461,0.02312250699209156,0.8324698665848163,0.04217543634750394,0.10875816993464053,0.08766165504542989,5,mafaulda,ocsvm,1000.0,underhang_outer_race
0.7899643684753447,0.054551335408976116,0.9509900669294794,0.019774774163835118,0.6321086352695355,0.0851098658718239,0.10875816993464053,0.08766165504542989,5,mafaulda,ocsvm,1000.0,vertical_misalignment
0.5550359723577716,0.08615368858226527,0.8288749554459935,0.039735778973259715,0.08060687937055404,0.04001004369786198,0.021045751633986927,0.019511747092334945,5,mafaulda,mahalanobis,480.0,horizontal_misalignment
0.8546133354060845,0.04821918808486865,0.9668813121716987,0.01791934273954671,0.10372488082482256,0.02092102614624414,0.021045751633986927,0.019511747092334945,5,mafaulda,mahalanobis,480.0,imbalance
0.9439252403939061,0.02801427933783407,0.9784797467839159,0.0104440361249141,0.6923834404433992,0.11353647783349056,0.021045751633986927,0.019511747092334945,5,mafaulda,mahalanobis,480.0,overhang_ball_fault
0.837270537702153,0.07079835703681855,0.9402612494535555,0.034492074763997384,0.10430937539244897,0.025612901076848205,0.021045751633986927,0.019511747092334945,5,mafaulda,mahalanobis,480.0,overhang_cage_fault
0.9063281274353938,0.06089465480074882,0.9681651057913692,0.020361165833951814,0.34776833440645394,0.07429643462840643,0.021045751633986927,0.019511747092334945,5,mafaulda,mahalanobis,480.0,overhang_outer_race
0.767926582565082,0.09244839384709669,0.908448997651812,0.04425617199257204,0.1073615985182786,0.04587016161173149,0.021045751633986927,0.019511747092334945,5,mafaulda,mahalanobis,480.0,underhang_ball_fault
0.7717474786751786,0.09726586126834508,0.9150326393114916,0.040020942671531085,0.10860489911672415,0.045024781446824286,0.021045751633986927,0.019511747092334945,5,mafaulda,mahalanobis,480.0,underhang_cage_fault
0.7662305558153311,0.09401889043929054,0.9095205698540496,0.04186899583963014,0.061434840014428706,0.030268393932277288,0.021045751633986927,0.019511747092334945,5,mafaulda,mahalanobis,480.0,underhang_outer_race
0.6352758627934191,0.09379974971007538,0.9055575196086018,0.02538857377529491,0.07742412595695294,0.0556508723149525,0.021045751633986927,0.019511747092334945,5,mafaulda,mahalanobis,480.0,vertical_misalignment
0.6798478001557586,0.06743029731267561,0.8861980667416859,0.03509888142839053,0.3632065610197657,0.045430036655165214,0.09699346405228758,0.08453585776349982,5,mafaulda,ocsvm,480.0,horizontal_misalignment
0.9107698688063302,0.025803133460574914,0.9829762169977337,0.009724775704891636,0.8969052225003804,0.028926942463180772,0.09699346405228758,0.08453585776349982,5,mafaulda,ocsvm,480.0,imbalance
0.9819451818490649,0.012389993772753667,0.9933817001241936,0.004591553178456818,0.9628026963300507,0.018992670078704397,0.09699346405228758,0.08453585776349982,5,mafaulda,ocsvm,480.0,overhang_ball_fault
0.9287131494998914,0.02447620575565025,0.9746870775499008,0.017976000542327376,0.9029980840162933,0.008625773178773357,0.09699346405228758,0.08453585776349982,5,mafaulda,ocsvm,480.0,overhang_cage_fault
0.9647379249582855,0.024603194704478127,0.9887701098795303,0.008521477063822617,0.954291316186245,0.023098155125932926,0.09699346405228758,0.08453585776349982,5,mafaulda,ocsvm,480.0,overhang_outer_race
0.9243493338539779,0.03727282893495108,0.9717557753742183,0.017902889624814712,0.8462541165752544,0.016448143358809387,0.09699346405228758,0.08453585776349982,5,mafaulda,ocsvm,480.0,underhang_ball_fault
0.9179236512053851,0.039276370820857755,0.969333992705334,0.01754786568674548,0.7896763952825099,0.026819971132974428,0.09699346405228758,0.08453585776349982,5,mafaulda,ocsvm,480.0,underhang_cage_fault
0.9212376043863933,0.040506801070564445,0.9695600163702354,0.024462407638457858,0.8137463305481398,0.05021344761242802,0.09699346405228758,0.08453585776349982,5,mafaulda,ocsvm,480.0,underhang_outer_race
0.7940362996157425,0.0519820477444706,0.9516448152026455,0.019538171029323058,0.5776926891520032,0.09199765635827299,0.09699346405228758,0.08453585776349982,5,mafaulda,ocsvm,480.0,vertical_misalignment
0.5062684224016404,0.08640302006744564,0.8117023740376392,0.04533646551028638,0.08191984985993714,0.04988391874842253,0.021176470588235293,0.02300894966542111,5,mafaulda,mahalanobis,240.0,horizontal_misalignment
0.8210750448936681,0.04817973794734868,0.9570760326202589,0.02038265916955699,0.09066857014134463,0.020253987570690305,0.021176470588235293,0.02300894966542111,5,mafaulda,mahalanobis,240.0,imbalance
0.8772924231420964,0.04884704697987664,0.9449585779806583,0.0252585138395081,0.32902696309802343,0.08569836534723485,0.021176470588235293,0.02300894966542111,5,mafaulda,mahalanobis,240.0,overhang_ball_fault
0.7888668599395243,0.0713568477274446,0.918862373580534,0.03983377675096611,0.0735293522660531,0.02133229175107559,0.021176470588235293,0.02300894966542111,5,mafaulda,mahalanobis,240.0,overhang_cage_fault
0.8885877901212084,0.05913778948365227,0.9484556112718521,0.03196764158907493,0.10471726051828337,0.032448591222337786,0.021176470588235293,0.02300894966542111,5,mafaulda,mahalanobis,240.0,overhang_outer_race
0.652938491213851,0.0821751154984472,0.8679593072608812,0.04162778607555771,0.08904582906308532,0.053296607390780265,0.021176470588235293,0.02300894966542111,5,mafaulda,mahalanobis,240.0,underhang_ball_fault
0.7067884055973657,0.0715082034998907,0.893465866550206,0.035616983872673286,0.11281333188913045,0.030980682689296813,0.021176470588235293,0.02300894966542111,5,mafaulda,mahalanobis,240.0,underhang_cage_fault
0.6984840665348162,0.07752114215626757,0.8823875746093875,0.04169985015365836,0.0620501965855695,0.025570922266736504,0.021176470588235293,0.02300894966542111,5,mafaulda,mahalanobis,240.0,underhang_outer_race
0.5575257813829485,0.05835451364449314,0.8816511035087483,0.02067730701525789,0.06895543950137209,0.04357472998057608,0.021176470588235293,0.02300894966542111,5,mafaulda,mahalanobis,240.0,vertical_misalignment
0.5497041276037816,0.08770060884275699,0.8290519333416839,0.039604421841094285,0.1918830592110801,0.05016220871224837,0.09137254901960784,0.07462066056708354,5,mafaulda,ocsvm,240.0,horizontal_misalignment
0.8592862519738519,0.0150664874690226,0.9735611007263053,0.011411300543555427,0.8402774008679843,0.024971701426472544,0.09137254901960784,0.07462066056708354,5,mafaulda,ocsvm,240.0,imbalance
0.9357530884539728,0.022907168146241372,0.9755040513684886,0.009998682237055849,0.8900300542936836,0.023653920626818727,0.09137254901960784,0.07462066056708354,5,mafaulda,ocsvm,240.0,overhang_ball_fault
0.8168938087604998,0.060311620903303415,0.9439878181763663,0.026821289414686252,0.7685360138249262,0.06200595562160705,0.09137254901960784,0.07462066056708354,5,mafaulda,ocsvm,240.0,overhang_cage_fault
0.9385479542554757,0.032032067848423884,0.9777855974016632,0.014902226404515839,0.8995209029007707,0.030405225408576018,0.09137254901960784,0.07462066056708354,5,mafaulda,ocsvm,240.0,overhang_outer_race
0.7634975605727745,0.05397126490763331,0.9164642984618723,0.02733085572385183,0.5396348801486,0.056393410982329945,0.09137254901960784,0.07462066056708354,5,mafaulda,ocsvm,240.0,underhang_ball_fault
0.8008552405984567,0.04739814299048918,0.9348789141494122,0.022894500884521142,0.6582098491479724,0.038146032331897915,0.09137254901960784,0.07462066056708354,5,mafaulda,ocsvm,240.0,underhang_cage_fault
0.8231408686656667,0.036519451081205516,0.9372763250013845,0.026632467844404265,0.6401870863787427,0.041960877741631875,0.09137254901960784,0.07462066056708354,5,mafaulda,ocsvm,240.0,underhang_outer_race
0.6548714008693588,0.029010600275719098,0.9157658328827296,0.013365226026173705,0.34264758886034635,0.1132028287904946,0.09137254901960784,0.07462066056708354,5,mafaulda,ocsvm,240.0,vertical_misalignment
0.5150881662871282,0.07616446042704157,0.8035699355688022,0.041848189113186864,0.07218770178056311,0.059519538397378315,0.026666666666666665,0.04086248165208066,5,mafaulda,mahalanobis,120.0,horizontal_misalignment
0.8295922940260079,0.06738617483701977,0.958961420160302,0.025455903498926,0.12273545351401319,0.05821812240905848,0.026666666666666665,0.04086248165208066,5,mafaulda,mahalanobis,120.0,imbalance
0.7893813836355166,0.05209518750008234,0.9081548362726126,0.02992676319472145,0.23889197435727852,0.12234408031352523,0.026666666666666665,0.04086248165208066,5,mafaulda,mahalanobis,120.0,overhang_ball_fault
0.7878290437587468,0.09415080679275636,0.9199878728929072,0.04602647227275902,0.12221558932739125,0.03719730270317158,0.026666666666666665,0.04086248165208066,5,mafaulda,mahalanobis,120.0,overhang_cage_fault
0.8414434376098919,0.07292247684494547,0.9378021038066461,0.03768829549038943,0.15174137216656428,0.067096800564445,0.026666666666666665,0.04086248165208066,5,mafaulda,mahalanobis,120.0,overhang_outer_race
0.6379251004783695,0.09591215402638165,0.8535306542600916,0.0549968613878461,0.06650432807762856,0.024830264107811882,0.026666666666666665,0.04086248165208066,5,mafaulda,mahalanobis,120.0,underhang_ball_fault
0.6875767882251218,0.09645863496574487,0.880256536518622,0.05145461351606283,0.08353040386755113,0.02890998499308127,0.026666666666666665,0.04086248165208066,5,mafaulda,mahalanobis,120.0,underhang_cage_fault
0.6956331648834532,0.09151505990672805,0.8787925404765214,0.053874114139357915,0.09988709481509626,0.023684265002134768,0.026666666666666665,0.04086248165208066,5,mafaulda,mahalanobis,120.0,underhang_outer_race
0.5612426746333378,0.07077608894659311,0.8748024651169983,0.024651114085458337,0.06502488842171569,0.046953312356658984,0.026666666666666665,0.04086248165208066,5,mafaulda,mahalanobis,120.0,vertical_misalignment
0.5904611342777433,0.0794938948678987,0.8365044464122551,0.04009755574897276,0.12715708930062247,0.07520593672388014,0.0681045751633987,0.07030231369130549,5,mafaulda,ocsvm,120.0,horizontal_misalignment
0.8684023905497851,0.0309936024078848,0.9729196945468941,0.018149373909054984,0.8356794603027569,0.04011735343115574,0.0681045751633987,0.07030231369130549,5,mafaulda,ocsvm,120.0,imbalance
0.8519515286143505,0.029113616344390088,0.9439848091563864,0.012167313752893885,0.7530178949462982,0.05201181351798327,0.0681045751633987,0.07030231369130549,5,mafaulda,ocsvm,120.0,overhang_ball_fault
0.838548189420526,0.05147309030883261,0.9465771003973895,0.031705084975204446,0.7693647679355137,0.04097465606827862,0.0681045751633987,0.07030231369130549,5,mafaulda,ocsvm,120.0,overhang_cage_fault
0.8917934507080382,0.04603673865934807,0.9625198678803757,0.02755683693908684,0.813879604050134,0.0316346346166255,0.0681045751633987,0.07030231369130549,5,mafaulda,ocsvm,120.0,overhang_outer_race
0.7274115984496607,0.06772069355821,0.9032723219976223,0.04115215043980242,0.5229258844077646,0.03976694885183097,0.0681045751633987,0.07030231369130549,5,mafaulda,ocsvm,120.0,underhang_ball_fault
0.7908818251870519,0.04682855322302362,0.9297844526953674,0.026102056156202418,0.6212436414631433,0.02359543411389636,0.0681045751633987,0.07030231369130549,5,mafaulda,ocsvm,120.0,underhang_cage_fault
0.797218533412305,0.03957415268194358,0.9275282754856148,0.03505577440810034,0.6003545943275275,0.05499240184119252,0.0681045751633987,0.07030231369130549,5,mafaulda,ocsvm,120.0,underhang_outer_race
0.6749519541664303,0.04467050160471908,0.9131350260940083,0.018378383846973125,0.21075536232996644,0.09587843919386471,0.0681045751633987,0.07030231369130549,5,mafaulda,ocsvm,120.0,vertical_misalignment
0.49690956141129144,0.0758093517252366,0.791017199316759,0.03223270088868137,0.012952526148916493,0.011067941422042812,0.024836601307189544,0.03172123764018236,5,mafaulda,mahalanobis,60.0,horizontal_misalignment
0.7627388728302844,0.03309012390577284,0.9528483876934107,0.00626470371141874,0.41744516538848914,0.06785798022821955,0.024836601307189544,0.03172123764018236,5,mafaulda,mahalanobis,60.0,imbalance
0.7782984668086552,0.05065056665059426,0.9112791570342337,0.01652017241294902,0.5071398036122752,0.12037156284363758,0.024836601307189544,0.03172123764018236,5,mafaulda,mahalanobis,60.0,overhang_ball_fault
0.7526123993233809,0.07364652610249302,0.9171441705740833,0.027404673018214337,0.385215091841662,0.09366020380297184,0.024836601307189544,0.03172123764018236,5,mafaulda,mahalanobis,60.0,overhang_cage_fault
0.7598739405951207,0.026371046190741883,0.9217772585430799,0.007018399637207998,0.4065512220262228,0.12189056960659951,0.024836601307189544,0.03172123764018236,5,mafaulda,mahalanobis,60.0,overhang_outer_race
0.5968549846513787,0.028608573982380998,0.8492806026663551,0.012461514679076456,0.1422614990785883,0.08878525465451208,0.024836601307189544,0.03172123764018236,5,mafaulda,mahalanobis,60.0,underhang_ball_fault
0.6208622517983291,0.031960652602743396,0.8655048107946021,0.01211144670347946,0.2518809846426854,0.09564608704554148,0.024836601307189544,0.03172123764018236,5,mafaulda,mahalanobis,60.0,underhang_cage_fault
0.6603066619098914,0.07610316282628202,0.8767534507679814,0.034174583058337864,0.21460586329742334,0.08852771497608915,0.024836601307189544,0.03172123764018236,5,mafaulda,mahalanobis,60.0,underhang_outer_race
0.4969846107949234,0.04222607084049122,0.8474185275840987,0.020220451612021104,0.029726502307280224,0.02435591514047774,0.024836601307189544,0.03172123764018236,5,mafaulda,mahalanobis,60.0,vertical_misalignment
0.5126792555131654,0.05199862412940855,0.8026544309474207,0.03528518406365353,0.08616554045894737,0.05130253950550868,0.056732026143790845,0.07619833105186702,5,mafaulda,ocsvm,60.0,horizontal_misalignment
0.8111100608244646,0.046661389680935944,0.9648446884251708,0.013802544994548993,0.6257894105249099,0.05915005000074261,0.056732026143790845,0.07619833105186702,5,mafaulda,ocsvm,60.0,imbalance
0.7890348238060656,0.0274862326684269,0.9180002395013831,0.020078477390395307,0.623497037884381,0.06652962724855147,0.056732026143790845,0.07619833105186702,5,mafaulda,ocsvm,60.0,overhang_ball_fault
0.7989823806687767,0.08998482713614178,0.9352982941491625,0.03614019897675859,0.6150799527540637,0.04188244167775723,0.056732026143790845,0.07619833105186702,5,mafaulda,ocsvm,60.0,overhang_cage_fault
0.8185566334865187,0.04854893677940303,0.9449947717132924,0.021331489433308388,0.6304310889673845,0.05997064211883752,0.056732026143790845,0.07619833105186702,5,mafaulda,ocsvm,60.0,overhang_outer_race
0.6160256395532302,0.05481710252203643,0.8620883762887758,0.03248680992284328,0.30521595458118245,0.07257838621564199,0.056732026143790845,0.07619833105186702,5,mafaulda,ocsvm,60.0,underhang_ball_fault
0.6696543511276711,0.05279862035248549,0.8898614377158657,0.0222475306592374,0.4078367785792336,0.08407187229789662,0.056732026143790845,0.07619833105186702,5,mafaulda,ocsvm,60.0,underhang_cage_fault
0.6966788010617307,0.07974964080213623,0.8960807837170293,0.04517983651205056,0.41996439870862,0.06459885036910233,0.056732026143790845,0.07619833105186702,5,mafaulda,ocsvm,60.0,underhang_outer_race
0.5487046407119582,0.0737442914462197,0.8756016239414478,0.02854554484247856,0.09254656027983879,0.03275211524306323,0.056732026143790845,0.07619833105186702,5,mafaulda,ocsvm,60.0,vertical_misalignment
0.7156643032446341,0.1588123393496068,0.8825727493164397,0.07348282851329471,0.3549557632869717,0.1774959204486115,0.006756756756756757,0.013513513513513514,4,cwru_48k,mahalanobis,48000.0,ball
0.7451142113304275,0.08375868303229649,0.8993802448093463,0.03934689692469422,0.3550104237097138,0.09699552982657261,0.006756756756756757,0.013513513513513514,4,cwru_48k,mahalanobis,48000.0,inner_race
0.765253225705184,0.05515668870089116,0.9564971352462285,0.017536147273129063,0.44727252718425453,0.05471320479758377,0.006756756756756757,0.013513513513513514,4,cwru_48k,mahalanobis,48000.0,outer_race
0.7953993828901462,0.16144061939402043,0.9221866109072994,0.08060056089459504,0.842308584261412,0.07212135400982547,0.23449920508744038,0.33125765472334134,4,cwru_48k,ocsvm,48000.0,ball
0.8649323470468144,0.07254514138573577,0.9498048089108128,0.027833606008752437,0.8714640669715692,0.06112115803569525,0.23449920508744038,0.33125765472334134,4,cwru_48k,ocsvm,48000.0,inner_race
0.8281599800317607,0.04166636166392313,0.9714188694080557,0.012069484537033374,0.8614716909776241,0.03117248747124318,0.23449920508744038,0.33125765472334134,4,cwru_48k,ocsvm,48000.0,outer_race
0.7155425598796477,0.15894343634099223,0.8825101471914634,0.07355320777223852,0.3549557632869717,0.1774959204486115,0.006756756756756757,0.013513513513513514,4,cwru_48k,mahalanobis,4000.0,ball
0.7457002930969545,0.0835875747386421,0.8994622728068565,0.03937936702651089,0.34960892865304627,0.08990053068209662,0.006756756756756757,0.013513513513513514,4,cwru_48k,mahalanobis,4000.0,inner_race
0.7649767624587477,0.05506977402189986,0.9563942687528633,0.017537103046458946,0.4446419574013819,0.0523624329144767,0.006756756756756757,0.013513513513513514,4,cwru_48k,mahalanobis,4000.0,outer_race
0.795849994723682,0.16115788527918332,0.9223504401716502,0.0804728121854449,0.8398676985660605,0.07039886927382916,0.24801271860095392,0.31862940658048,4,cwru_48k,ocsvm,4000.0,ball
0.8641429137255846,0.07144099794982692,0.9493945277517643,0.02739807093228432,0.8677344542494791,0.06101638815864991,0.24801271860095392,0.31862940658048,4,cwru_48k,ocsvm,4000.0,inner_race
0.827806500579494,0.04221488621003742,0.9713273804912492,0.012241243580299663,0.8605139512070323,0.030242558275246554,0.24801271860095392,0.31862940658048,4,cwru_48k,ocsvm,4000.0,outer_race
0.7158395601766478,0.15919001292321494,0.8827187022217982,0.07348316772655773,0.3549557632869717,0.1774959204486115,0.006756756756756757,0.013513513513513514,4,cwru_48k,mahalanobis,2000.0,ball
0.7439611661094172,0.08364480132368896,0.8987661982928955,0.03910395615162919,0.34960892865304627,0.08990053068209662,0.006756756756756757,0.013513513513513514,4,cwru_48k,mahalanobis,2000.0,inner_race
0.7644351299325814,0.05483286250507856,0.9562938419932423,0.01753747691240038,0.4418982750909126,0.049324866621439485,0.006756756756756757,0.013513513513513514,4,cwru_48k,mahalanobis,2000.0,outer_race
0.7970310667471374,0.16177879944489928,0.9227359451861854,0.08070284777039329,0.8430879000646443,0.07003021836266267,0.23330683624801274,0.3207624031986942,4,cwru_48k,ocsvm,2000.0,ball
0.8613039747280606,0.07027053042316332,0.9484002640827626,0.027072574056508435,0.8673135788286037,0.06064068266579638,0.23330683624801274,0.3207624031986942,4,cwru_48k,ocsvm,2000.0,inner_race
0.8270013166352074,0.043229634490337066,0.9710413619290589,0.012658934148367164,0.8604276390792702,0.03297909844930833,0.23330683624801274,0.3207624031986942,4,cwru_48k,ocsvm,2000.0,outer_race
0.7157929757741666,0.1609461248817334,0.8826357661130684,0.07424374412336948,0.36187625049747313,0.18552290277617434,0.006756756756756757,0.013513513513513514,4,cwru_48k,mahalanobis,1000.0,ball
0.7437753146715786,0.08127882222919977,0.8985792296169239,0.038321772465516435,0.34960892865304627,0.08990053068209662,0.006756756756756757,0.013513513513513514,4,cwru_48k,mahalanobis,1000.0,inner_race
0.7627645350244617,0.05721178784103192,0.9557331748755231,0.018045506500432774,0.4377070986203244,0.045578103298028964,0.006756756756756757,0.013513513513513514,4,cwru_48k,mahalanobis,1000.0,outer_race
0.8017480837349173,0.16301033784471455,0.9241313473340882,0.08146774422929767,0.8470933918302339,0.07103953075422295,0.21979332273449922,0.33251392854190176,4,cwru_48k,ocsvm,1000.0,ball
0.8570216154675614,0.06838549194787698,0.9466816631373144,0.02662085577734354,0.8672273298438785,0.05803825133935807,0.21979332273449922,0.33251392854190176,4,cwru_48k,ocsvm,1000.0,inner_race
0.8235733695668531,0.043286764197212356,0.9701117644225008,0.01321929719733444,0.8572683484278879,0.038643711845383316,0.21979332273449922,0.33251392854190176,4,cwru_48k,ocsvm,1000.0,outer_race
0.6977100304369164,0.15020431772037965,0.8769652349185969,0.07222093316168796,0.3740879572390194,0.19245409260606508,0.02821939586645469,0.03264307563054593,4,cwru_48k,mahalanobis,480.0,ball
0.7418271404757892,0.07966178628620081,0.8970899402150311,0.03805386144700851,0.3832603919807697,0.09965013807362748,0.02821939586645469,0.03264307563054593,4,cwru_48k,mahalanobis,480.0,inner_race
0.7545881278829756,0.04752115097714357,0.9550113018154798,0.01681932533270747,0.45410757837443055,0.04150115990016274,0.02821939586645469,0.03264307563054593,4,cwru_48k,mahalanobis,480.0,outer_race
0.7976788419364383,0.1763144161936423,0.9227040160724325,0.08624101968393467,0.8542835969425565,0.07037601719181658,0.21979332273449922,0.33251392854190176,4,cwru_48k,ocsvm,480.0,ball
0.8430406993105721,0.07371189613440686,0.9412452394771738,0.02822523869900853,0.8619808916944744,0.053025969620103405,0.21979332273449922,0.33251392854190176,4,cwru_48k,ocsvm,480.0,inner_race
0.8160365143546832,0.05745348236009952,0.9685161080997069,0.016255087711603382,0.8563916475681181,0.03631946531886813,0.21979332273449922,0.33251392854190176,4,cwru_48k,ocsvm,480.0,outer_race
0.647841727125858,0.2768975380971776,0.8490521981740329,0.1475513615779317,0.4283206787486055,0.11540406304874834,0.11486486486486487,0.22972972972972977,4,cwru_48k,mahalanobis,240.0,ball
0.6632714915206966,0.1818602178749491,0.8597645376654304,0.08894885561454319,0.4455570086422929,0.15757612987195593,0.11486486486486487,0.22972972972972977,4,cwru_48k,mahalanobis,240.0,inner_race
0.7227578070014562,0.2073142671678442,0.9436615296128326,0.053467640929960904,0.5298661611639166,0.04146729366767815,0.11486486486486487,0.22972972972972977,4,cwru_48k,mahalanobis,240.0,outer_race
0.7430249498981445,0.2311685927740924,0.8941803701918787,0.1292004750682527,0.8340295084114668,0.087594688219885,0.29650238473767887,0.38222318810851813,4,cwru_48k,ocsvm,240.0,ball
0.8032272940361176,0.15083818180660452,0.9177931862586459,0.06607006128542933,0.8596342056091668,0.08835860998547872,0.29650238473767887,0.38222318810851813,4,cwru_48k,ocsvm,240.0,inner_race
0.7730822475404519,0.14412554367126765,0.9586723271511071,0.03804132644521956,0.8539276708399604,0.013197437319101514,0.29650238473767887,0.38222318810851813,4,cwru_48k,ocsvm,240.0,outer_race
0.7032231515146493,0.10992346622539627,0.8776641802124526,0.06730063069873633,0.3152455062156501,0.15453757673340915,0.013513513513513514,0.02702702702702703,4,cwru_48k,mahalanobis,120.0,ball
0.7165497660827551,0.10233387504757432,0.8805694553128094,0.05766481407155121,0.30547848500504554,0.19066299243576929,0.013513513513513514,0.02702702702702703,4,cwru_48k,mahalanobis,120.0,inner_race
0.7338479647110523,0.05638151166028626,0.9502459165879847,0.02053373606497373,0.4394646906461722,0.042347223307901145,0.013513513513513514,0.02702702702702703,4,cwru_48k,mahalanobis,120.0,outer_race
0.7221698576968512,0.12540652634113536,0.8975540947995748,0.06615516928889303,0.7108968912516087,0.13241238378554546,0.16017488076311606,0.1608809545032747,4,cwru_48k,ocsvm,120.0,ball
0.737170840410109,0.1446179995327259,0.8928484813793836,0.0654664804041706,0.7315877000108337,0.1640591658221846,0.16017488076311606,0.1608809545032747,4,cwru_48k,ocsvm,120.0,inner_race
0.7132780047897601,0.047464708686477564,0.948975588370691,0.019450719804667657,0.7378577161858896,0.0654909743912429,0.16017488076311606,0.1608809545032747,4,cwru_48k,ocsvm,120.0,outer_race
0.6156684162965093,0.09656146167131167,0.8395137279202108,0.0668846490859271,0.2816923128219662,0.08924093760949121,0.048489666136724965,0.06407475184564712,4,cwru_48k,mahalanobis,60.0,ball
0.5789426532369069,0.029085189779716164,0.8077239793330271,0.03336626763683369,0.20135525148710326,0.10830565094380441,0.048489666136724965,0.06407475184564712,4,cwru_48k,mahalanobis,60.0,inner_race
0.6420209693561324,0.08216370174870621,0.9240141953706291,0.03500046198719352,0.3357650381746767,0.12875772150477535,0.048489666136724965,0.06407475184564712,4,cwru_48k,mahalanobis,60.0,outer_race
0.6067520329763102,0.09856360200156558,0.8461717550302084,0.06835792453031257,0.6014330193383512,0.11156168670776087,0.20310015898251194,0.23851748406936202,4,cwru_48k,ocsvm,60.0,ball
0.562301331011847,0.04820632019404004,0.808922669797657,0.0422640724187076,0.5124039237415214,0.08202565797929777,0.20310015898251194,0.23851748406936202,4,cwru_48k,ocsvm,60.0,inner_race
0.625679720096825,0.0811954780206105,0.9247434165386377,0.03489646102457463,0.6198339647323927,0.12210426883963521,0.20310015898251194,0.23851748406936202,4,cwru_48k,ocsvm,60.0,outer_race
