roc_auc_mean,roc_auc_std,pr_auc_mean,pr_auc_std,f1_mean,f1_std,far_mean,far_std,n_folds,dataset,detector,label
0.647841727125858,0.2768975380971776,0.8490521981740329,0.1475513615779317,0.4283206787486055,0.11540406304874834,0.11486486486486487,0.22972972972972977,4,cwru_48k,mahalanobis,ball
0.6632714915206966,0.1818602178749491,0.8597645376654304,0.08894885561454319,0.4455570086422929,0.15757612987195593,0.11486486486486487,0.22972972972972977,4,cwru_48k,mahalanobis,inner_race
0.7227578070014562,0.2073142671678442,0.9436615296128326,0.053467640929960904,0.5298661611639166,0.04146729366767815,0.11486486486486487,0.22972972972972977,4,cwru_48k,mahalanobis,outer_race
0.6739977637669032,0.238484085602691,0.8569265314116123,0.12840297038707674,0.20320644080416975,0.12209180954605844,0.013513513513513514,0.02702702702702703,4,cwru_48k,isolation_forest,ball
0.6761619359492969,0.11552154246604869,0.8511401814000913,0.054992433835092516,0.1164452193349538,0.07572089574837117,0.013513513513513514,0.02702702702702703,4,cwru_48k,isolation_forest,inner_race
0.7060831589574137,0.1604465243086565,0.9371926067888382,0.04791260941670729,0.18912980680948074,0.07582790196435041,0.013513513513513514,0.02702702702702703,4,cwru_48k,isolation_forest,outer_race
0.7430249498981445,0.2311685927740924,0.8941803701918787,0.1292004750682527,0.8340295084114668,0.087594688219885,0.29650238473767887,0.38222318810851813,4,cwru_48k,ocsvm,ball
0.8032272940361176,0.15083818180660452,0.9177931862586459,0.06607006128542933,0.8596342056091668,0.08835860998547872,0.29650238473767887,0.38222318810851813,4,cwru_48k,ocsvm,inner_race
0.7730822475404519,0.14412554367126765,0.9586723271511071,0.03804132644521956,0.8539276708399604,0.013197437319101514,0.29650238473767887,0.38222318810851813,4,cwru_48k,ocsvm,outer_race
0.7562736881911067,0.13240353892094125,0.906399066579378,0.07219421046816314,0.5218893967358921,0.1316988649366192,0.07670906200317965,0.09326710563798145,4,cwru_48k,pca_recon,ball
0.8572822334249203,0.09602469530238752,0.936438790183009,0.042742995078245596,0.5862817610524033,0.1950836315845843,0.07670906200317965,0.09326710563798145,4,cwru_48k,pca_recon,inner_race
0.7715179916736016,0.0865549990299791,0.9601364208012702,0.02311790832695342,0.5497820494913519,0.07539196710387315,0.07670906200317965,0.09326710563798145,4,cwru_48k,pca_recon,outer_race
0.5062684224016404,0.08640302006744564,0.8117023740376392,0.04533646551028638,0.08191984985993714,0.04988391874842253,0.021176470588235293,0.02300894966542111,5,mafaulda,mahalanobis,horizontal_misalignment
0.8210750448936681,0.04817973794734868,0.9570760326202589,0.02038265916955699,0.09066857014134463,0.020253987570690305,0.021176470588235293,0.02300894966542111,5,mafaulda,mahalanobis,imbalance
0.8772924231420964,0.04884704697987664,0.9449585779806583,0.0252585138395081,0.32902696309802343,0.08569836534723485,0.021176470588235293,0.02300894966542111,5,mafaulda,mahalanobis,overhang_ball_fault
0.7888668599395243,0.0713568477274446,0.918862373580534,0.03983377675096611,0.0735293522660531,0.02133229175107559,0.021176470588235293,0.02300894966542111,5,mafaulda,mahalanobis,overhang_cage_fault
0.8885877901212084,0.05913778948365227,0.9484556112718521,0.03196764158907493,0.10471726051828337,0.032448591222337786,0.021176470588235293,0.02300894966542111,5,mafaulda,mahalanobis,overhang_outer_race
0.652938491213851,0.0821751154984472,0.8679593072608812,0.04162778607555771,0.08904582906308532,0.053296607390780265,0.021176470588235293,0.02300894966542111,5,mafaulda,mahalanobis,underhang_ball_fault
0.7067884055973657,0.0715082034998907,0.893465866550206,0.035616983872673286,0.11281333188913045,0.030980682689296813,0.021176470588235293,0.02300894966542111,5,mafaulda,mahalanobis,underhang_cage_fault
0.6984840665348162,0.07752114215626757,0.8823875746093875,0.04169985015365836,0.0620501965855695,0.025570922266736504,0.021176470588235293,0.02300894966542111,5,mafaulda,mahalanobis,underhang_outer_race
0.5575257813829485,0.05835451364449314,0.8816511035087483,0.02067730701525789,0.06895543950137209,0.04357472998057608,0.021176470588235293,0.02300894966542111,5,mafaulda,mahalanobis,vertical_misalignment
0.5190354942379163,0.061901981414173274,0.8109810350040233,0.03729674509898628,0.005288958695143106,0.005600085804322484,0.024836601307189544,0.05553632885293596,5,mafaulda,isolation_forest,horizontal_misalignment
0.8884227928895594,0.06400105748277464,0.9742741115723561,0.027915287123463348,0.0980634870592154,0.027553452200536933,0.024836601307189544,0.05553632885293596,5,mafaulda,isolation_forest,imbalance
0.9083566251482438,0.04319791001421991,0.9585380591175536,0.02870706761643114,0.32256013873223,0.165041135772882,0.024836601307189544,0.05553632885293596,5,mafaulda,isolation_forest,overhang_ball_fault
0.8526895279909301,0.0664407570574347,0.947182874930032,0.043570025432726964,0.08335108170152591,0.03356197975255537,0.024836601307189544,0.05553632885293596,5,mafaulda,isolation_forest,overhang_cage_fault
0.9196098885262971,0.06632146183159562,0.9663725152345881,0.042508225764464246,0.1352855216469008,0.051374312745728894,0.024836601307189544,0.05553632885293596,5,mafaulda,isolation_forest,overhang_outer_race
0.7171485636064038,0.07541931342473696,0.9011221049645679,0.047823776379752644,0.03997216578249639,0.010531674940230197,0.024836601307189544,0.05553632885293596,5,mafaulda,isolation_forest,underhang_ball_fault
0.7756202095375289,0.07051824437052488,0.9217214121949621,0.045003423858750065,0.05969460470546284,0.013965484760193717,0.024836601307189544,0.05553632885293596,5,mafaulda,isolation_forest,underhang_cage_fault
0.7634623666342237,0.09336061382507861,0.9167660783671181,0.056112528495164675,0.051122739037938125,0.02534094042328699,0.024836601307189544,0.05553632885293596,5,mafaulda,isolation_forest,underhang_outer_race
0.5637675526226776,0.0628362951461503,0.8803563637884636,0.026600731365559734,0.0072698195147479685,0.010834192897648599,0.024836601307189544,0.05553632885293596,5,mafaulda,isolation_forest,vertical_misalignment
0.5497041276037816,0.08770060884275699,0.8290519333416839,0.039604421841094285,0.1918830592110801,0.05016220871224837,0.09137254901960784,0.07462066056708354,5,mafaulda,ocsvm,horizontal_misalignment
0.8592862519738519,0.0150664874690226,0.9735611007263053,0.011411300543555427,0.8402774008679843,0.024971701426472544,0.09137254901960784,0.07462066056708354,5,mafaulda,ocsvm,imbalance
0.9357530884539728,0.022907168146241372,0.9755040513684886,0.009998682237055849,0.8900300542936836,0.023653920626818727,0.09137254901960784,0.07462066056708354,5,mafaulda,ocsvm,overhang_ball_fault
0.8168938087604998,0.060311620903303415,0.9439878181763663,0.026821289414686252,0.7685360138249262,0.06200595562160705,0.09137254901960784,0.07462066056708354,5,mafaulda,ocsvm,overhang_cage_fault
0.9385479542554757,0.032032067848423884,0.9777855974016632,0.014902226404515839,0.8995209029007707,0.030405225408576018,0.09137254901960784,0.07462066056708354,5,mafaulda,ocsvm,overhang_outer_race
0.7634975605727745,0.05397126490763331,0.9164642984618723,0.02733085572385183,0.5396348801486,0.056393410982329945,0.09137254901960784,0.07462066056708354,5,mafaulda,ocsvm,underhang_ball_fault
0.8008552405984567,0.04739814299048918,0.9348789141494122,0.022894500884521142,0.6582098491479724,0.038146032331897915,0.09137254901960784,0.07462066056708354,5,mafaulda,ocsvm,underhang_cage_fault
0.8231408686656667,0.036519451081205516,0.9372763250013845,0.026632467844404265,0.6401870863787427,0.041960877741631875,0.09137254901960784,0.07462066056708354,5,mafaulda,ocsvm,underhang_outer_race
0.6548714008693588,0.029010600275719098,0.9157658328827296,0.013365226026173705,0.34264758886034635,0.1132028287904946,0.09137254901960784,0.07462066056708354,5,mafaulda,ocsvm,vertical_misalignment
0.521473033054348,0.08341317838757718,0.7957812923206408,0.043337112878834336,0.052820288947646274,0.037396614157409164,0.061960784313725495,0.08730005441116423,5,mafaulda,pca_recon,horizontal_misalignment
0.8055371946669784,0.06775567528191262,0.9439055882643791,0.03298737467444787,0.11764297275213206,0.022706663962480007,0.061960784313725495,0.08730005441116423,5,mafaulda,pca_recon,imbalance
0.890904414053203,0.051462994816649746,0.9517049423246784,0.028339687180587915,0.6465718552941255,0.06551515234518776,0.061960784313725495,0.08730005441116423,5,mafaulda,pca_recon,overhang_ball_fault
0.7609747919472923,0.08184652937024943,0.8895514396640122,0.05476979335073527,0.0939515987351682,0.031233317520037326,0.061960784313725495,0.08730005441116423,5,mafaulda,pca_recon,overhang_cage_fault
0.8598236754328541,0.06862282716306292,0.9393662139061073,0.04601856490331537,0.2976955722855667,0.12850011243546594,0.061960784313725495,0.08730005441116423,5,mafaulda,pca_recon,overhang_outer_race
0.662965814111325,0.08451181603647415,0.8620270985617544,0.04937843043010415,0.13078819955639856,0.03879488202456138,0.061960784313725495,0.08730005441116423,5,mafaulda,pca_recon,underhang_ball_fault
0.7129124043001297,0.06630500498267415,0.8766222560026116,0.041166092317587416,0.1226908845287364,0.05368356122634909,0.061960784313725495,0.08730005441116423,5,mafaulda,pca_recon,underhang_cage_fault
0.7028236771950729,0.07881263926745091,0.8725382959868906,0.05057575777013539,0.0966048478776742,0.038258787935765724,0.061960784313725495,0.08730005441116423,5,mafaulda,pca_recon,underhang_outer_race
0.5257208030538907,0.0737814560031854,0.8727582270608577,0.025999314689840458,0.12078895303311273,0.0981072132076999,0.061960784313725495,0.08730005441116423,5,mafaulda,pca_recon,vertical_misalignment
