roc_auc_mean,roc_auc_std,pr_auc_mean,pr_auc_std,f1_mean,f1_std,far_mean,far_std,n_folds,dataset,noise_type,snr_db,label
0.647841727125858,0.2768975380971776,0.8490521981740329,0.1475513615779317,0.4283206787486055,0.11540406304874834,0.11486486486486487,0.22972972972972977,4,cwru_48k,none,,ball
0.6632714915206966,0.1818602178749491,0.8597645376654304,0.08894885561454319,0.4455570086422929,0.15757612987195593,0.11486486486486487,0.22972972972972977,4,cwru_48k,none,,inner_race
0.7227578070014562,0.2073142671678442,0.9436615296128326,0.053467640929960904,0.5298661611639166,0.04146729366767815,0.11486486486486487,0.22972972972972977,4,cwru_48k,none,,outer_race
0.588829217677826,0.062409660481287765,0.8231392435505847,0.05400812028464982,0.20046142505106174,0.053745453203450845,0.02027027027027027,0.013513513513513514,4,cwru_48k,white,30,ball
0.5969536772398457,0.06101394653145709,0.8251840062963557,0.05318835513466806,0.2872184773141834,0.15365763171221072,0.02027027027027027,0.013513513513513514,4,cwru_48k,white,30,inner_race
0.5962668770069367,0.06365762030888007,0.9092293881023406,0.0356006277549039,0.2032071593641553,0.05414146014074543,0.02027027027027027,0.013513513513513514,4,cwru_48k,white,30,outer_race
0.5230518496209622,0.052970123015200585,0.7835404314697837,0.04336005445989521,0.10543492337578243,0.05831742546531105,0.04173290937996821,0.035582142573612634,4,cwru_48k,white,20,ball
0.5501426402161697,0.08227445137109611,0.7909239343933685,0.07954838747244883,0.17082703733468724,0.21988356595056718,0.04173290937996821,0.035582142573612634,4,cwru_48k,white,20,inner_race
0.5304917628825588,0.03821561106486718,0.889362050266012,0.03010975405252263,0.11638722893964508,0.05606446221767973,0.04173290937996821,0.035582142573612634,4,cwru_48k,white,20,outer_race
0.5438836942341276,0.024476493337383495,0.8066301617260683,0.025271616548639103,0.17319467520002277,0.07085151863691053,0.049682034976152624,0.05039812497153251,4,cwru_48k,white,10,ball
0.5523338191263469,0.07952013543855167,0.798166220431719,0.06577093527194051,0.2092507147786651,0.20167182543872916,0.049682034976152624,0.05039812497153251,4,cwru_48k,white,10,inner_race
0.5572162201300871,0.04717501159384874,0.8998801507161195,0.033081639914750445,0.17511266111926907,0.03925219674299412,0.049682034976152624,0.05039812497153251,4,cwru_48k,white,10,outer_race
0.5274735909826261,0.034023543067705865,0.7819153304892255,0.04545560313485817,0.09407121134101618,0.05551753788875365,0.02027027027027027,0.02587640831773887,4,cwru_48k,white,5,ball
0.5745236180947627,0.05339295752445127,0.8017372486504745,0.05765183826117434,0.1756137418830051,0.15267165708931585,0.02027027027027027,0.02587640831773887,4,cwru_48k,white,5,inner_race
0.5129196865511708,0.0528220348427684,0.8787550637941463,0.043918198087833135,0.08009090710897422,0.02641649092090765,0.02027027027027027,0.02587640831773887,4,cwru_48k,white,5,outer_race
0.4763741425556513,0.012089119344124596,0.7627326457758533,0.06826224420550853,0.09541465826226671,0.08857461011985183,0.03497615262321145,0.02719793835793607,4,cwru_48k,white,0,ball
0.49978585227989036,0.10844386242275764,0.7819248076153313,0.05038173187065027,0.16665154725218284,0.054139950886206226,0.03497615262321145,0.02719793835793607,4,cwru_48k,white,0,inner_race
0.47031223784032467,0.054362956481861256,0.8774556855864531,0.02820593140484364,0.11601381492007341,0.06302987157963148,0.03497615262321145,0.02719793835793607,4,cwru_48k,white,0,outer_race
0.6526026528377679,0.28086749699618907,0.852156142876425,0.14699605442366342,0.46418017531200245,0.11821939108774189,0.13513513513513514,0.23458047867191958,4,cwru_48k,shake,30,ball
0.6682570770905429,0.1818840081823963,0.8634269169724473,0.08760425737019355,0.4653668805132318,0.18637685203392568,0.13513513513513514,0.23458047867191958,4,cwru_48k,shake,30,inner_race
0.7226768269665778,0.20345690898535973,0.9442456798814602,0.05125583129943975,0.5412284160236608,0.032580000347734527,0.13513513513513514,0.23458047867191958,4,cwru_48k,shake,30,outer_race
0.6195459425267527,0.30236148873872326,0.8379862048063836,0.15686209855498778,0.39522869351245304,0.1326980345580535,0.14308426073131955,0.21259713119952262,4,cwru_48k,shake,20,ball
0.6359746882401891,0.19495568388631404,0.8456181811559449,0.09492208846028113,0.4182371248242704,0.2010705259135459,0.14308426073131955,0.21259713119952262,4,cwru_48k,shake,20,inner_race
0.7024458602189212,0.18532644090827036,0.9419750505578804,0.04581176364461057,0.48784763805721887,0.05741974979081669,0.14308426073131955,0.21259713119952262,4,cwru_48k,shake,20,outer_race
0.6296683307812084,0.31876593364094596,0.8388070149020522,0.16649479461892727,0.4068367043733742,0.14130506073728885,0.19038155802861687,0.30587886863724323,4,cwru_48k,shake,10,ball
0.623104454036489,0.19742759352356423,0.8427175590018346,0.09321772424817303,0.43969851098334073,0.20616862575610592,0.19038155802861687,0.30587886863724323,4,cwru_48k,shake,10,inner_race
0.7101270389155527,0.1920645871749662,0.9433726418305195,0.046400727198075496,0.5093518397956917,0.05837598789407849,0.19038155802861687,0.30587886863724323,4,cwru_48k,shake,10,outer_race
0.6340845888865325,0.3244798592222474,0.8460754596074066,0.17220943795337962,0.4819915293326873,0.16435796695331878,0.1554054054054054,0.2750699935274239,4,cwru_48k,shake,5,ball
0.624651399442735,0.2306020600655512,0.8433295162739403,0.1197365396080296,0.4272312660208396,0.2014868076940495,0.1554054054054054,0.2750699935274239,4,cwru_48k,shake,5,inner_race
0.7043527445159253,0.20497058231349446,0.9415946868591933,0.047967870387517875,0.5665912503483699,0.09648632527270407,0.1554054054054054,0.2750699935274239,4,cwru_48k,shake,5,outer_race
0.6359858473374226,0.3278204106091189,0.8386602859462103,0.17389641931872127,0.3593963817945486,0.2545673993720937,0.08108108108108109,0.14470611174963074,4,cwru_48k,shake,0,ball
0.64391899368052,0.1412111073599268,0.8545721516122613,0.06778720906685327,0.3548522863038992,0.1751545607137142,0.08108108108108109,0.14470611174963074,4,cwru_48k,shake,0,inner_race
0.7200746986191847,0.1597384451925389,0.9461832578117277,0.03843442934692865,0.44851805231897557,0.1017425126011695,0.08108108108108109,0.14470611174963074,4,cwru_48k,shake,0,outer_race
0.5062684224016404,0.08640302006744564,0.8117023740376392,0.04533646551028638,0.08191984985993714,0.04988391874842253,0.021176470588235293,0.02300894966542111,5,mafaulda,none,,horizontal_misalignment
0.8210750448936681,0.04817973794734868,0.9570760326202589,0.02038265916955699,0.09066857014134463,0.020253987570690305,0.021176470588235293,0.02300894966542111,5,mafaulda,none,,imbalance
0.8772924231420964,0.04884704697987664,0.9449585779806583,0.0252585138395081,0.32902696309802343,0.08569836534723485,0.021176470588235293,0.02300894966542111,5,mafaulda,none,,overhang_ball_fault
0.7888668599395243,0.0713568477274446,0.918862373580534,0.03983377675096611,0.0735293522660531,0.02133229175107559,0.021176470588235293,0.02300894966542111,5,mafaulda,none,,overhang_cage_fault
0.8885877901212084,0.05913778948365227,0.9484556112718521,0.03196764158907493,0.10471726051828337,0.032448591222337786,0.021176470588235293,0.02300894966542111,5,mafaulda,none,,overhang_outer_race
0.652938491213851,0.0821751154984472,0.8679593072608812,0.04162778607555771,0.08904582906308532,0.053296607390780265,0.021176470588235293,0.02300894966542111,5,mafaulda,none,,underhang_ball_fault
0.7067884055973657,0.0715082034998907,0.893465866550206,0.035616983872673286,0.11281333188913045,0.030980682689296813,0.021176470588235293,0.02300894966542111,5,mafaulda,none,,underhang_cage_fault
0.6984840665348162,0.07752114215626757,0.8823875746093875,0.04169985015365836,0.0620501965855695,0.025570922266736504,0.021176470588235293,0.02300894966542111,5,mafaulda,none,,underhang_outer_race
0.5575257813829485,0.05835451364449314,0.8816511035087483,0.02067730701525789,0.06895543950137209,0.04357472998057608,0.021176470588235293,0.02300894966542111,5,mafaulda,none,,vertical_misalignment
0.508531309456915,0.0928297322364464,0.8120676143259871,0.0489014356417259,0.08291414985058196,0.05290128307496855,0.019869281045751634,0.020369729581104248,5,mafaulda,white,30,horizontal_misalignment
0.8201318927017424,0.06398646772818836,0.9564454897595993,0.023208627075817192,0.08881145486329689,0.013947239523684013,0.019869281045751634,0.020369729581104248,5,mafaulda,white,30,imbalance
0.8593477986692134,0.032741837666834854,0.9393635123088178,0.0187381803119762,0.2719417888642184,0.14989669365965608,0.019869281045751634,0.020369729581104248,5,mafaulda,white,30,overhang_ball_fault
0.794239588340845,0.08766352167306683,0.9215312503953212,0.045934601932884046,0.08389331548825466,0.02361767751795286,0.019869281045751634,0.020369729581104248,5,mafaulda,white,30,overhang_cage_fault
0.8671203273935018,0.08648973185191461,0.9416734696429003,0.04213094609721537,0.09317252736072984,0.020037068294362997,0.019869281045751634,0.020369729581104248,5,mafaulda,white,30,overhang_outer_race
0.6470375110131075,0.10156118503614792,0.8642130336525853,0.055755976171173845,0.08801980430159399,0.051477010108458426,0.019869281045751634,0.020369729581104248,5,mafaulda,white,30,underhang_ball_fault
0.7093570368766143,0.09367161551605495,0.8925745981443665,0.047611230579120464,0.11471963558266123,0.025027045406113415,0.019869281045751634,0.020369729581104248,5,mafaulda,white,30,underhang_cage_fault
0.6924901141048776,0.09231275395944713,0.8779116549053724,0.05127371997496185,0.06145853918078259,0.024289744262677004,0.019869281045751634,0.020369729581104248,5,mafaulda,white,30,underhang_outer_race
0.5685231216240917,0.07145390699704371,0.885791197390704,0.02401292790669035,0.07167676826803467,0.056433544338248466,0.019869281045751634,0.020369729581104248,5,mafaulda,white,30,vertical_misalignment
0.5513243279212137,0.07207186556075632,0.8316442901400796,0.03551371390653323,0.07200676627260463,0.03429787921260981,0.016078431372549017,0.014435421426906637,5,mafaulda,white,20,horizontal_misalignment
0.8508987584533729,0.050337381639046656,0.9626598407066413,0.01914198396375393,0.07611052068501234,0.015651150150193565,0.016078431372549017,0.014435421426906637,5,mafaulda,white,20,imbalance
0.8585041162434474,0.028233093016560185,0.9319285055370388,0.020317411692944987,0.17648339199367388,0.06401502342601172,0.016078431372549017,0.014435421426906637,5,mafaulda,white,20,overhang_ball_fault
0.8238333270440356,0.07147112627878179,0.930528365371492,0.03489872238175167,0.07479143803193693,0.022610087114159315,0.016078431372549017,0.014435421426906637,5,mafaulda,white,20,overhang_cage_fault
0.8736888263240475,0.05988407466935242,0.9437715941257462,0.032312392205065085,0.07551031929754129,0.00964822575518993,0.016078431372549017,0.014435421426906637,5,mafaulda,white,20,overhang_outer_race
0.7061998476349232,0.08647525803940419,0.88387284915609,0.0450871685475274,0.06605180116340352,0.03633572653027843,0.016078431372549017,0.014435421426906637,5,mafaulda,white,20,underhang_ball_fault
0.743196286798545,0.08023911384891735,0.9051902067385171,0.038090522045524065,0.09897262885175846,0.033033152692899734,0.016078431372549017,0.014435421426906637,5,mafaulda,white,20,underhang_cage_fault
0.763466315219487,0.07949592085461586,0.9033727820093775,0.04158120698903535,0.055570552618830496,0.02313656456566532,0.016078431372549017,0.014435421426906637,5,mafaulda,white,20,underhang_outer_race
0.6017570417430875,0.053226359662317646,0.8964292408962808,0.019221408581246727,0.072833780909645,0.0193541207028195,0.016078431372549017,0.014435421426906637,5,mafaulda,white,20,vertical_misalignment
0.5599880470036179,0.047808551975871146,0.8343201553387123,0.024735610392355476,0.056332396709177404,0.04929998834127561,0.014248366013071894,0.01467607727638103,5,mafaulda,white,10,horizontal_misalignment
0.8574784252168955,0.038150832365414084,0.9658805270651216,0.013382155269520966,0.08228043563394383,0.017693330965830166,0.014248366013071894,0.01467607727638103,5,mafaulda,white,10,imbalance
0.8188260823574165,0.02742502101467132,0.9139543575270233,0.021562050733321198,0.11101438026611832,0.03677527067090899,0.014248366013071894,0.01467607727638103,5,mafaulda,white,10,overhang_ball_fault
0.8282744627709115,0.054514202466217125,0.9352496493026091,0.027657789828832893,0.08010117257655329,0.010664629532383792,0.014248366013071894,0.01467607727638103,5,mafaulda,white,10,overhang_cage_fault
0.8533544216224968,0.05090644063323245,0.9420071447023096,0.024381968676967212,0.08443809998856334,0.023106468547418806,0.014248366013071894,0.01467607727638103,5,mafaulda,white,10,overhang_outer_race
0.6996924478658225,0.061257650615826,0.8838153648331184,0.033058335504270196,0.05159057857070741,0.01260513237545499,0.014248366013071894,0.01467607727638103,5,mafaulda,white,10,underhang_ball_fault
0.7285045088796682,0.048973915144785524,0.9018254298804713,0.025653471684746132,0.07676838532233021,0.009449916708431148,0.014248366013071894,0.01467607727638103,5,mafaulda,white,10,underhang_cage_fault
0.750654841692904,0.060162984647702526,0.903659261326369,0.03231112891735428,0.052044249214879025,0.011777401175506698,0.014248366013071894,0.01467607727638103,5,mafaulda,white,10,underhang_outer_race
0.5965184954084495,0.03275037496587745,0.8953493702115338,0.014371582609682338,0.061888619321186944,0.010598068287044926,0.014248366013071894,0.01467607727638103,5,mafaulda,white,10,vertical_misalignment
0.5227802521712557,0.056435605042615966,0.8123117426403116,0.03158121306855008,0.04444119321983196,0.037864507457707405,0.021437908496732026,0.028963173059111016,5,mafaulda,white,5,horizontal_misalignment
0.8377461822341232,0.047639006750041235,0.9595947428250732,0.017811628324028352,0.07487697473237419,0.012388244912210878,0.021437908496732026,0.028963173059111016,5,mafaulda,white,5,imbalance
0.7697343004013517,0.04003280087891909,0.8850522994444685,0.031184317027340848,0.06119307420409904,0.014333806466864359,0.021437908496732026,0.028963173059111016,5,mafaulda,white,5,overhang_ball_fault
0.7972070759522956,0.05770007736905757,0.9201482311117368,0.031133683186320933,0.06539944996570637,0.020420235892903264,0.021437908496732026,0.028963173059111016,5,mafaulda,white,5,overhang_cage_fault
0.8298810064845397,0.05773316917094965,0.9300132048134971,0.0312512821682245,0.07606139811283352,0.00428574831179495,0.021437908496732026,0.028963173059111016,5,mafaulda,white,5,overhang_outer_race
0.6558181145997573,0.07417140049042929,0.8620497847086164,0.036271363575915906,0.036387089256879855,0.01114436999794634,0.021437908496732026,0.028963173059111016,5,mafaulda,white,5,underhang_ball_fault
0.6929144059375347,0.056570173587588694,0.8832572145137589,0.03024835467309314,0.056267198200395885,0.00993177065508217,0.021437908496732026,0.028963173059111016,5,mafaulda,white,5,underhang_cage_fault
0.7031356847043122,0.07432063021202918,0.881349116571943,0.03995643162842617,0.04354106877751286,0.0068975166400164776,0.021437908496732026,0.028963173059111016,5,mafaulda,white,5,underhang_outer_race
0.5574149833082275,0.046064944148895254,0.8777918179629527,0.01938980022392774,0.03657433310147915,0.020678987312461837,0.021437908496732026,0.028963173059111016,5,mafaulda,white,5,vertical_misalignment
0.5284032669880421,0.05931045992509317,0.8123726070059082,0.030158036197068347,0.04286952009747579,0.03345373158702553,0.02431372549019608,0.04142316390941247,5,mafaulda,white,0,horizontal_misalignment
0.8340344466197898,0.048632625358046425,0.9636457658691683,0.018310587850408525,0.2151879329512846,0.07180289481410113,0.02431372549019608,0.04142316390941247,5,mafaulda,white,0,imbalance
0.7653117238180676,0.0381766698454682,0.89119496022366,0.02937540264331204,0.17838506473884302,0.029082001392167992,0.02431372549019608,0.04142316390941247,5,mafaulda,white,0,overhang_ball_fault
0.7968086133848289,0.05674822964779336,0.9279506341133186,0.030695915263155064,0.22074437708358446,0.05516755251267308,0.02431372549019608,0.04142316390941247,5,mafaulda,white,0,overhang_cage_fault
0.8285034752472379,0.053547492434912976,0.9386974446066484,0.029845543596709757,0.24684359789201005,0.09320496062778698,0.02431372549019608,0.04142316390941247,5,mafaulda,white,0,overhang_outer_race
0.649982493876138,0.05864723343516455,0.8653839122146604,0.03343161721134161,0.06780675556316088,0.021942265329506157,0.02431372549019608,0.04142316390941247,5,mafaulda,white,0,underhang_ball_fault
0.691739094767687,0.05425382819992872,0.8888593203143544,0.02784418390432888,0.11295824614414782,0.03791898723992386,0.02431372549019608,0.04142316390941247,5,mafaulda,white,0,underhang_cage_fault
0.6942404111146903,0.07712277797877337,0.8875876628303171,0.041002857843778995,0.12104525875238017,0.03982619960064533,0.02431372549019608,0.04142316390941247,5,mafaulda,white,0,underhang_outer_race
0.5450552792851846,0.04818498740412892,0.8730043751005028,0.01809440635076315,0.037029519100929886,0.017517739195632338,0.02431372549019608,0.04142316390941247,5,mafaulda,white,0,vertical_misalignment
0.5050385009710269,0.08658880287496377,0.8111863397969203,0.04498726104993132,0.08191984985993714,0.04988391874842253,0.021176470588235293,0.02300894966542111,5,mafaulda,shake,30,horizontal_misalignment
0.8207627028605182,0.04831761156019173,0.9570422448983351,0.02052708577988203,0.09259744476522873,0.019436952030326856,0.021176470588235293,0.02300894966542111,5,mafaulda,shake,30,imbalance
0.8771678373600711,0.04722916372708789,0.9447764542477854,0.024950440508995936,0.3246546955085624,0.08819156549885727,0.021176470588235293,0.02300894966542111,5,mafaulda,shake,30,overhang_ball_fault
0.7895691393451363,0.0707393920567147,0.9193345690243291,0.03945013192998746,0.07579246291111522,0.02357845544009833,0.021176470588235293,0.02300894966542111,5,mafaulda,shake,30,overhang_cage_fault
0.888060812588221,0.05867622730389648,0.9483212365659146,0.031639370996057604,0.10468791371643582,0.033351353742139954,0.021176470588235293,0.02300894966542111,5,mafaulda,shake,30,overhang_outer_race
0.6518097864756033,0.08181027664373812,0.8678511437681863,0.04151532058058982,0.08799333597007122,0.05100942478285433,0.021176470588235293,0.02300894966542111,5,mafaulda,shake,30,underhang_ball_fault
0.7070631768173199,0.07115237043723228,0.8937515585927928,0.03563820031210696,0.1133498101047141,0.03161468424884553,0.021176470588235293,0.02300894966542111,5,mafaulda,shake,30,underhang_cage_fault
0.6963294436304818,0.07772506540225445,0.8818089290259283,0.041604101958679814,0.06321123174360854,0.028158151391996896,0.021176470588235293,0.02300894966542111,5,mafaulda,shake,30,underhang_outer_race
0.5566217280869276,0.0579191255335107,0.8814953002951619,0.020529146089767802,0.0692897903432518,0.04427558783180812,0.021176470588235293,0.02300894966542111,5,mafaulda,shake,30,vertical_misalignment
0.5014718451483158,0.08896961560039898,0.8104475483182764,0.04561456234621346,0.08420571689111231,0.05045850199354272,0.01764705882352941,0.023529411764705882,5,mafaulda,shake,20,horizontal_misalignment
0.8200988451889655,0.051823420249325895,0.956915029157754,0.02152837219115987,0.09423117622796187,0.02063424782665856,0.01764705882352941,0.023529411764705882,5,mafaulda,shake,20,imbalance
0.8903947708349861,0.04114911831020089,0.9505138778373933,0.022363668163932,0.34213971211397465,0.09311767374734957,0.01764705882352941,0.023529411764705882,5,mafaulda,shake,20,overhang_ball_fault
0.787768453210085,0.07631413308814006,0.9192119946187903,0.04079950996946697,0.07930621996638806,0.023485113440435836,0.01764705882352941,0.023529411764705882,5,mafaulda,shake,20,overhang_cage_fault
0.8850263466890675,0.06111391226706788,0.9486809549207337,0.031656759773245925,0.1107811636205954,0.038228208529809043,0.01764705882352941,0.023529411764705882,5,mafaulda,shake,20,overhang_outer_race
0.6508304388890803,0.09146831217426836,0.8671054968489397,0.04560322477350025,0.08448881235376515,0.03733927579521972,0.01764705882352941,0.023529411764705882,5,mafaulda,shake,20,underhang_ball_fault
0.7065856386344456,0.08250822568178764,0.8936092572655274,0.03954713771377389,0.11353959627390268,0.027064290631453894,0.01764705882352941,0.023529411764705882,5,mafaulda,shake,20,underhang_cage_fault
0.6937595958126523,0.08734309573772346,0.8808827176090522,0.04501839973625927,0.05980651218239922,0.019783506575132125,0.01764705882352941,0.023529411764705882,5,mafaulda,shake,20,underhang_outer_race
0.5527556110197213,0.059539869587711375,0.8815724999221016,0.019993094425596856,0.07138029633974077,0.04732312110695342,0.01764705882352941,0.023529411764705882,5,mafaulda,shake,20,vertical_misalignment
0.49962417807746523,0.07338869077074792,0.8096248194163292,0.03571125102041671,0.031796201038028736,0.028257946481019074,0.01647058823529412,0.02474786349172074,5,mafaulda,shake,10,horizontal_misalignment
0.8383277610757857,0.057024961870981335,0.9627598866896745,0.020836548205548658,0.09249568593460585,0.020764276037209293,0.01647058823529412,0.02474786349172074,5,mafaulda,shake,10,imbalance
0.9068127846636113,0.03471994835722904,0.9607220662307892,0.015907196244876156,0.40485043546588484,0.07449650939966576,0.01647058823529412,0.02474786349172074,5,mafaulda,shake,10,overhang_ball_fault
0.8015680039901494,0.07886454608980864,0.9289540328024677,0.03928073121807759,0.09255728207908395,0.0342465539311605,0.01647058823529412,0.02474786349172074,5,mafaulda,shake,10,overhang_cage_fault
0.8909327083411949,0.06744832536753494,0.9555697646049544,0.029186986166211938,0.14007660336576427,0.0635789123001543,0.01647058823529412,0.02474786349172074,5,mafaulda,shake,10,overhang_outer_race
0.6623181148732049,0.09497001720789383,0.8716264428493907,0.052134142279085895,0.07842516136753154,0.028340369788968877,0.01647058823529412,0.02474786349172074,5,mafaulda,shake,10,underhang_ball_fault
0.7193878380292513,0.10551453703868742,0.8971081144068755,0.0488840467168697,0.09543239987060134,0.03622061040590724,0.01647058823529412,0.02474786349172074,5,mafaulda,shake,10,underhang_cage_fault
0.6968324495198773,0.08968342414133984,0.8829722324700761,0.049199514703927895,0.0428368467961601,0.017889083644339155,0.01647058823529412,0.02474786349172074,5,mafaulda,shake,10,underhang_outer_race
0.5415438996770893,0.055201180704771514,0.8790352396775262,0.01638819586396402,0.05174463158502035,0.041747072768742864,0.01647058823529412,0.02474786349172074,5,mafaulda,shake,10,vertical_misalignment
0.488070367412928,0.05936324670659111,0.8044718165737553,0.02467499574855406,0.03256392641502276,0.034999111445777595,0.024444444444444446,0.04505918568809939,5,mafaulda,shake,5,horizontal_misalignment
0.8347688612962589,0.055555576611282916,0.964635165484799,0.02084028000592118,0.297455940027182,0.1125378351540048,0.024444444444444446,0.04505918568809939,5,mafaulda,shake,5,imbalance
0.8924829684960404,0.0338070460669567,0.956190943459075,0.015864055824812283,0.5172687315714714,0.0868315905660655,0.024444444444444446,0.04505918568809939,5,mafaulda,shake,5,overhang_ball_fault
0.7998637464636371,0.07300949345535612,0.9326280607893651,0.03611194207603091,0.3102185124602738,0.1361935287075015,0.024444444444444446,0.04505918568809939,5,mafaulda,shake,5,overhang_cage_fault
0.8814943317019441,0.0665550621086021,0.9578128579139907,0.027666003181518076,0.3777909175976303,0.11023501572170594,0.024444444444444446,0.04505918568809939,5,mafaulda,shake,5,overhang_outer_race
0.6535590425610458,0.07859202128263998,0.875225575314168,0.045419741077006144,0.13992732021630605,0.07021622799504777,0.024444444444444446,0.04505918568809939,5,mafaulda,shake,5,underhang_ball_fault
0.6990642618579243,0.09371514173216158,0.8961824791581176,0.04306221004094841,0.20369573755852355,0.09403132496352472,0.024444444444444446,0.04505918568809939,5,mafaulda,shake,5,underhang_cage_fault
0.6761143150070485,0.08791041191971957,0.8833627738785834,0.04838853283783145,0.16446124118368521,0.09091114780163465,0.024444444444444446,0.04505918568809939,5,mafaulda,shake,5,underhang_outer_race
0.5092895817707774,0.052128519567277626,0.866241191265738,0.016033999458404277,0.06067672885823498,0.05418926930021822,0.024444444444444446,0.04505918568809939,5,mafaulda,shake,5,vertical_misalignment
0.4588296661047527,0.08003174500652256,0.7913617060631675,0.031278797706133246,0.025302523179993607,0.026366812886314855,0.03084967320261438,0.05629154927138612,5,mafaulda,shake,0,horizontal_misalignment
0.8104491296966636,0.05521846378930938,0.9588179435113708,0.024264294504770485,0.17837624693109397,0.08543596488324733,0.03084967320261438,0.05629154927138612,5,mafaulda,shake,0,imbalance
0.9023396373800064,0.03643827250163036,0.9615811849369529,0.018369715498402602,0.5238640743600615,0.09015259237921301,0.03084967320261438,0.05629154927138612,5,mafaulda,shake,0,overhang_ball_fault
0.7751595212039575,0.0744738258727443,0.9210158894496286,0.042205119689742714,0.16916212776893347,0.05470555106570973,0.03084967320261438,0.05629154927138612,5,mafaulda,shake,0,overhang_cage_fault
0.8775822571797803,0.04042180833459411,0.9581458283049218,0.02209308562811208,0.2904825433509381,0.12853180302798695,0.03084967320261438,0.05629154927138612,5,mafaulda,shake,0,overhang_outer_race
0.648491088064936,0.0838519114805983,0.8761975182466015,0.04721717167737685,0.08764837400154239,0.0328780499123392,0.03084967320261438,0.05629154927138612,5,mafaulda,shake,0,underhang_ball_fault
0.6733976427711632,0.09278509149742543,0.8847325583830162,0.04671107059061273,0.10579836744741447,0.04803677281632279,0.03084967320261438,0.05629154927138612,5,mafaulda,shake,0,underhang_cage_fault
0.6581889271047288,0.11579078994762224,0.8812419204217982,0.05328652705088167,0.10794049572832849,0.03786102598574272,0.03084967320261438,0.05629154927138612,5,mafaulda,shake,0,underhang_outer_race
0.474946712382585,0.06974821302759533,0.8593901149326415,0.018981592702241673,0.046534518989633775,0.04337116149913317,0.03084967320261438,0.05629154927138612,5,mafaulda,shake,0,vertical_misalignment
