roc_auc_mean,roc_auc_std,pr_auc_mean,pr_auc_std,f1_mean,f1_std,far_mean,far_std,n_folds,dataset,group,variant,detector,n_windows,n_features
0.7151511375400108,0.05877376622518141,0.9885455920215952,0.003684347418912642,0.10699068815454689,0.016134236515158457,0.022352941176470586,0.02293363375249168,5,mafaulda,detrend,constant,mahalanobis,33167,13
0.714744246908539,0.05934846367654727,0.9885243652371878,0.0037271740387972256,0.10611408578717425,0.015965732515714513,0.021176470588235293,0.02300894966542111,5,mafaulda,detrend,linear,mahalanobis,33167,13
0.7157027970082769,0.058675465367056034,0.9884755385992943,0.00391599317540837,0.10239355896501641,0.017597386324017916,0.02,0.02300894966542111,5,mafaulda,detrend,poly2,mahalanobis,33167,13
0.7155446980475186,0.06060082414732367,0.9883392846651603,0.00417372130905279,0.10384844365544679,0.020007117460307696,0.024052287581699347,0.034681810393165244,5,mafaulda,detrend,poly3,mahalanobis,33167,13
0.714744246908539,0.05934846367654727,0.9885243652371878,0.0037271740387972256,0.10611408578717425,0.015965732515714513,0.021176470588235293,0.02300894966542111,5,mafaulda,window_fn,hann,mahalanobis,33167,13
0.7131281066088277,0.06272088026521934,0.9885406207487751,0.004070731187732384,0.11249521531870603,0.012051854336406799,0.02366013071895425,0.024881280761694356,5,mafaulda,window_fn,hamming,mahalanobis,33167,13
0.7300396586309188,0.05453420030562589,0.9887805338260645,0.004046551524632713,0.07412453659198068,0.010470892755765787,0.016209150326797383,0.017282607980170884,5,mafaulda,window_fn,none,mahalanobis,33167,13
0.6810661805725358,0.06997288660161097,0.9858007717331718,0.0055792520143539024,0.07860839094854995,0.010306885307060108,0.028366013071895423,0.0541056473703384,5,mafaulda,order_tolerance,0.02,mahalanobis,33167,13
0.7133479824996717,0.06360610083299824,0.9883638903067808,0.004254340592505833,0.10091405379837322,0.018609798026948902,0.023790849673202615,0.0305082469037204,5,mafaulda,order_tolerance,0.05,mahalanobis,33167,13
0.714744246908539,0.05934846367654727,0.9885243652371878,0.0037271740387972256,0.10611408578717425,0.015965732515714513,0.021176470588235293,0.02300894966542111,5,mafaulda,order_tolerance,0.08,mahalanobis,33167,13
0.7076860316611183,0.06899086152187059,0.9881904079409309,0.004644034131017169,0.10542599568193248,0.021432460289524006,0.020522875816993462,0.03635420792024604,5,mafaulda,order_tolerance,0.1,mahalanobis,33167,13
0.7097950608977005,0.05398830875144485,0.9880526084881677,0.0035762629220883937,0.1147684826188842,0.019690463344954136,0.024052287581699347,0.034681810393165244,5,mafaulda,order_tolerance,0.15,mahalanobis,33167,13
0.7011385209825629,0.06904342142934157,0.9880332419533886,0.004094561554795813,0.11793136922247856,0.030258895684591027,0.021568627450980392,0.03242712825204162,5,mafaulda,order_tolerance,0.2,mahalanobis,33167,13
0.714744246908539,0.05934846367654727,0.9885243652371878,0.0037271740387972256,0.10611408578717425,0.015965732515714513,0.021176470588235293,0.02300894966542111,5,mafaulda,bands,research_bands,mahalanobis,33167,13
0.6966388009741163,0.0688110974101618,0.9873671755381069,0.004572852347211843,0.09899202463171397,0.020359383525645647,0.018823529411764704,0.023307779713128175,5,mafaulda,bands,appspec_bands,mahalanobis,33167,13
0.714744246908539,0.05934846367654727,0.9885243652371878,0.0037271740387972256,0.10611408578717425,0.015965732515714513,0.021176470588235293,0.02300894966542111,5,mafaulda,rms_order_min,0.1,mahalanobis,33167,13
0.5823816870179717,0.10642647422518396,0.9798362039213971,0.008090706017571633,0.08012486780931467,0.021684486219857045,0.03738562091503268,0.07081089308397277,5,mafaulda,rms_order_min,0.2,mahalanobis,33167,13
0.7147,,,,0.6084,,0.1106,,,mafaulda,threshold_percentile,90,,,
0.7147,,,,0.4182,,0.0675,,,mafaulda,threshold_percentile,95,,,
0.7147,,,,0.1556,,0.0374,,,mafaulda,threshold_percentile,97.5,,,
0.7147,,,,0.1061,,0.0212,,,mafaulda,threshold_percentile,99,,,
0.7147,,,,0.0922,,0.0176,,,mafaulda,threshold_percentile,99.5,,,
0.6917001122305932,0.21652218527866698,0.9638177087879298,0.034323255028522,0.5020153636956547,0.028169312925416076,0.11486486486486487,0.22972972972972977,4,cwru_48k,detrend,constant,mahalanobis,1737,13
0.6922216949416496,0.21683364422459467,0.9638615774945861,0.03433979718066265,0.500155940446914,0.028521840703710416,0.11486486486486487,0.22972972972972977,4,cwru_48k,detrend,linear,mahalanobis,1737,13
0.6935202876321466,0.215864200354166,0.9641277386451013,0.03407257031867011,0.5102935044799353,0.03177936318484605,0.11486486486486487,0.22972972972972977,4,cwru_48k,detrend,poly2,mahalanobis,1737,13
0.6935523152131784,0.21597669495331348,0.9641303321593901,0.03412211180613597,0.5140997769028424,0.031826195955890695,0.11486486486486487,0.22972972972972977,4,cwru_48k,detrend,poly3,mahalanobis,1737,13
0.6922216949416496,0.21683364422459467,0.9638615774945861,0.03433979718066265,0.500155940446914,0.028521840703710416,0.11486486486486487,0.22972972972972977,4,cwru_48k,window_fn,hann,mahalanobis,1737,13
0.6653678440059813,0.16761405991147468,0.9617946144336845,0.026481336152236752,0.2734494339267333,0.033818711641200004,0.033783783783783786,0.03400826322194032,4,cwru_48k,window_fn,hamming,mahalanobis,1737,13
0.607541359194891,0.06100736563818667,0.9535573802106441,0.0076177560321942115,0.08592227095516569,0.042225065514308505,0.013513513513513514,0.015604061329449347,4,cwru_48k,window_fn,none,mahalanobis,1737,13
0.780416173223135,0.038675532451304236,0.9779116040663303,0.008075053547747381,0.5500581928164501,0.04209638947993659,0.048489666136724965,0.06407475184564712,4,cwru_48k,order_tolerance,0.02,mahalanobis,1737,13
0.6901904746921291,0.19860811991320862,0.9628758564939164,0.03468995712642565,0.4665949651667689,0.017015517678692433,0.12162162162162163,0.24324324324324326,4,cwru_48k,order_tolerance,0.05,mahalanobis,1737,13
0.6922216949416496,0.21683364422459467,0.9638615774945861,0.03433979718066265,0.500155940446914,0.028521840703710416,0.11486486486486487,0.22972972972972977,4,cwru_48k,order_tolerance,0.08,mahalanobis,1737,13
0.6808172034087505,0.20304428872437355,0.963446249622159,0.03157332801105134,0.4795334316265881,0.02668033376972574,0.12957074721780604,0.22166708398024357,4,cwru_48k,order_tolerance,0.1,mahalanobis,1737,13
0.6862025580263801,0.17506900868667644,0.9655897535923171,0.02629011486478145,0.48363534638196054,0.0555470365710529,0.13513513513513514,0.23458047867191958,4,cwru_48k,order_tolerance,0.15,mahalanobis,1737,13
0.7271168676174024,0.06109149997660516,0.9719597741452219,0.010008272283357126,0.4134461200839834,0.01365175744477146,0.02027027027027027,0.04054054054054054,4,cwru_48k,order_tolerance,0.2,mahalanobis,1737,13
0.6922216949416496,0.21683364422459467,0.9638615774945861,0.03433979718066265,0.500155940446914,0.028521840703710416,0.11486486486486487,0.22972972972972977,4,cwru_48k,bands,research_bands,mahalanobis,1737,13
0.6636592788156002,0.19284941952545345,0.961129855594632,0.03080225037522366,0.4712530864636486,0.049587159774083525,0.12162162162162163,0.20759853372617865,4,cwru_48k,bands,appspec_bands,mahalanobis,1737,13
0.6922216949416496,0.21683364422459467,0.9638615774945861,0.03433979718066265,0.500155940446914,0.028521840703710416,0.11486486486486487,0.22972972972972977,4,cwru_48k,rms_order_min,0.1,mahalanobis,1737,13
0.6860596107563524,0.15119176312533147,0.964217857307011,0.022680754497878566,0.40470464219788466,0.043590497718417824,0.08465818759936408,0.09792922689163779,4,cwru_48k,rms_order_min,0.2,mahalanobis,1737,13
0.6922,,,,0.6244,,0.2377,,,cwru_48k,threshold_percentile,90,,,
0.6922,,,,0.5808,,0.2039,,,cwru_48k,threshold_percentile,95,,,
0.6922,,,,0.5444,,0.1351,,,cwru_48k,threshold_percentile,97.5,,,
0.6922,,,,0.5002,,0.1149,,,cwru_48k,threshold_percentile,99,,,
0.6922,,,,0.4694,,0.1149,,,cwru_48k,threshold_percentile,99.5,,,
