clip,group,severity,session,f0_hz,primary_axis,d_machine_x.r1,d_machine_x.r2,d_machine_x.r3,d_machine_x.r05,d_machine_x.rbp,d_machine_x.E_sub,d_machine_x.E_1x,d_machine_x.E_mid,d_machine_x.E_hi,d_machine_x.harm,d_machine_x.centroid,d_machine_x.crest,d_machine_x.kurt,d_machine_y.r1,d_machine_y.r2,d_machine_y.r3,d_machine_y.r05,d_machine_y.rbp,d_machine_y.E_sub,d_machine_y.E_1x,d_machine_y.E_mid,d_machine_y.E_hi,d_machine_y.harm,d_machine_y.centroid,d_machine_y.crest,d_machine_y.kurt,d_base_y.r1,d_base_y.r2,d_base_y.r3,d_base_y.r05,d_base_y.rbp,d_base_y.E_sub,d_base_y.E_1x,d_base_y.E_mid,d_base_y.E_hi,d_base_y.harm,d_base_y.centroid,d_base_y.crest,d_base_y.kurt
IMG_8436,3g,2,S5,18.12,d_machine_x,1.02550198,0.04927596,0.07481908,0.00615619,0.0,0.00180681,0.98587241,0.0098433,0.00247701,0.12100907,1.02238285,2.73885346,2.68398536,1.0144298,0.05922603,0.12543556,0.00714509,0.0,0.00181748,0.97141799,0.02368244,0.00308178,0.18203487,1.05177066,2.0179184,1.67643235,0.6055108,0.06362899,0.26854533,0.11434494,0.0,0.30599961,0.41758306,0.20197586,0.07433544,0.5485853,1.42108581,2.48765712,2.06370116
IMG_8437,3g,2,S5,18.12,d_machine_x,1.10621396,0.03662562,0.0360646,0.01708246,0.0,0.00319028,0.99080926,0.00411955,0.0018809,0.06571081,1.00929731,1.89247212,1.57116239,1.11131385,0.06219379,0.08900302,0.01372995,0.0,0.00279272,0.97877609,0.01639426,0.00203682,0.1360523,1.03284638,2.47544539,2.30613868,0.65388967,0.04087642,0.18776144,0.13356585,0.0,0.42594443,0.36084281,0.16045486,0.05274992,0.34965817,1.15622,2.3552526,2.0076269
IMG_8438,3g,2,S5,18.12,d_machine_x,1.10745885,0.03665052,0.0466559,0.01646381,0.0,0.00428367,0.98667082,0.00467922,0.00436566,0.07522304,1.01967101,2.30630893,2.30898345,1.09872387,0.05941478,0.14857727,0.01865608,0.0,0.0019005,0.97124597,0.02357556,0.00327703,0.1893033,1.05377522,2.61683014,1.76900281,0.70853554,0.04698814,0.22145559,0.11360486,0.0,0.26876171,0.49723024,0.16066712,0.07324682,0.37887123,1.32910689,2.59062865,2.13181128
IMG_8439,3g,2,S5,18.12,d_machine_x,1.08577459,0.05285022,0.05890642,0.00564237,0.0,0.00226989,0.98588028,0.00781486,0.00403495,0.10292803,1.02742289,2.35978723,2.54779382,1.05378265,0.05423617,0.12486855,0.00849748,0.0,0.00212218,0.97121595,0.02326557,0.00339627,0.16996363,1.05747444,2.37310971,2.22929299,0.64869924,0.04194809,0.20199501,0.11678504,0.0,0.33273333,0.4342975,0.17472217,0.05824519,0.37604961,1.249512,2.6190732,2.16642192
IMG_8440,3g,2,S5,18.0,d_machine_x,0.97557944,0.03597705,0.07746083,0.00999112,0.0,0.00467001,0.98287664,0.00837023,0.00408311,0.11627745,1.02970094,2.31124806,2.25068983,0.97283908,0.09744858,0.11298937,0.01782732,0.0,0.00251931,0.97246292,0.02211491,0.00290253,0.21631322,1.04907411,2.22373937,2.15842332,0.5788364,0.05270948,0.19121583,0.13783262,0.0,0.30537954,0.43529901,0.17981829,0.07926478,0.4214063,1.34806894,2.33456504,2.15939207
IMG_8441,3g,2,S5,18.12,d_machine_x,1.04146907,0.02915034,0.06180751,0.0129239,0.0,0.00525613,0.98492247,0.00589094,0.00393033,0.0873361,1.01911711,2.39584568,2.25649597,1.04450549,0.07192533,0.13871949,0.01939152,0.0,0.00221834,0.97045929,0.02383656,0.00348581,0.20166943,1.05198457,2.77463982,2.53214936,0.6266208,0.05597646,0.1751937,0.19088367,0.0,0.36174728,0.39373063,0.17674255,0.06776286,0.36891555,1.24320472,2.17425569,1.87393354
IMG_8442,3g,2,S5,18.12,d_machine_x,0.98128945,0.05937676,0.05730412,0.00936432,0.0,0.00460089,0.98350306,0.00705898,0.00483703,0.11890567,1.02832036,2.13926746,2.1304748,0.9743743,0.07476663,0.13869693,0.0093245,0.0,0.00174452,0.97066838,0.02406467,0.00352209,0.21907759,1.05979528,2.5476518,2.34805194,0.62019847,0.05356851,0.23639673,0.12970224,0.0,0.31277352,0.44805049,0.17393243,0.06524023,0.46753622,1.30291052,2.23060507,1.88694996
IMG_8443,3g,2,S5,18.12,d_machine_x,1.07740192,0.02739232,0.09673565,0.01580709,0.0,0.00919388,0.97727658,0.00997223,0.00355714,0.11521046,1.02255627,2.41281126,2.36283561,1.08330571,0.09110326,0.11867442,0.02035011,0.0,0.00222039,0.972469,0.02256063,0.00274996,0.19364588,1.04265235,2.34004107,2.12991042,0.67380997,0.06198961,0.18012651,0.21874864,0.0,0.3727729,0.43803875,0.1286152,0.06048196,0.35932403,1.17665262,2.3782065,2.09462454
IMG_8390,normal,0,S1,18.96,d_machine_x,0.38298337,0.04646662,0.05106238,0.08893608,0.0,0.77358284,0.14953141,0.05504282,0.02181846,0.25465596,0.54684321,4.16075735,3.26971046,0.12064136,0.06188974,0.36106647,0.11543778,0.0,0.53182114,0.06540997,0.32484706,0.07739314,3.50589734,1.44454186,2.14594116,1.82976034,0.10041951,0.04863355,0.3194361,0.15804638,0.0,0.59553792,0.06436156,0.26099566,0.07871064,3.66531994,1.31828608,2.41256796,1.99818836
IMG_8391,normal,0,S1,18.84,d_machine_x,0.45930739,0.0381148,0.03361289,0.07800541,0.0,0.67025797,0.21039889,0.07219935,0.04714295,0.1561649,0.75889096,5.3220078,3.40082688,0.06691994,0.05961084,0.29238845,0.11029061,0.0,0.62979581,0.05074168,0.24482637,0.07463572,5.26000631,1.21699489,2.1707775,1.88850488,0.09717185,0.04624478,0.25404566,0.17699487,0.0,0.62744767,0.07409725,0.22519427,0.07324606,3.09030275,1.19984156,2.21468383,1.92630903
IMG_8392,normal,0,S1,18.84,d_machine_x,0.24233582,0.01682053,0.01673644,0.06405468,0.0,0.89702936,0.06448572,0.02594787,0.01250008,0.13847298,0.35603145,5.45177201,3.73910312,0.12208759,0.06268806,0.32533042,0.13642309,0.0,0.62760519,0.05673741,0.23572819,0.07989123,3.17819748,1.20986409,2.32320422,1.87845128,0.11280785,0.06306255,0.29150107,0.14530887,0.0,0.61526409,0.07650198,0.2306803,0.07755298,3.14307585,1.22206305,2.4361694,1.94644459
IMG_8393,normal,0,S1,18.96,d_machine_x,0.37264786,0.03158129,0.02623722,0.08733462,0.0,0.7701979,0.15070831,0.05457464,0.02451319,0.15515589,0.55151465,4.00832666,3.36345141,0.15110967,0.04846096,0.33011765,0.11665931,0.0,0.5995709,0.08172567,0.25287217,0.0656624,2.5053235,1.20995903,2.18797794,1.92764376,0.08417971,0.04596896,0.33187649,0.11338017,0.0,0.58582077,0.08959014,0.25943481,0.06514982,4.48855711,1.23874813,2.54901726,2.11577222
IMG_8394,normal,0,S1,19.08,d_machine_x,0.50025949,0.04788329,0.06090942,0.08404897,0.0,0.62150503,0.26911113,0.07729337,0.03206676,0.21747256,0.74552209,7.17784117,6.25371764,0.2271129,0.05161751,0.2900712,0.12070609,0.0,0.57765976,0.11788866,0.22929111,0.07515982,1.50448836,1.22682251,1.92222849,1.8441033,0.18557647,0.05107855,0.24975156,0.14917651,0.0,0.60888839,0.10370133,0.2204849,0.06690026,1.62105744,1.14464113,2.08807724,1.90904336
IMG_8395,normal,0,S1,19.08,d_machine_x,0.4920561,0.03885377,0.04882315,0.09601588,0.0,0.68924328,0.23141988,0.05262744,0.02669127,0.17818479,0.62339221,3.99495291,3.38246935,0.20946092,0.04690359,0.33697224,0.13888346,0.0,0.58022555,0.09150034,0.24827636,0.07999554,1.83268477,1.27713846,2.05873091,1.9099125,0.09302313,0.05282027,0.29313357,0.13766773,0.0,0.64065896,0.07464163,0.21940536,0.06521422,3.71900883,1.13495915,2.1614937,1.93885494
IMG_8396,normal,0,S1,18.96,d_machine_x,0.5643461,0.03491898,0.04597149,0.06465366,0.0,0.60367773,0.28100163,0.07833909,0.03696144,0.14333486,0.78082741,4.24677092,2.7786519,0.15638447,0.05799435,0.28278941,0.14414923,0.0,0.51914293,0.07737647,0.30251215,0.10095917,2.17914066,1.46519978,2.02940217,1.94016754,0.11314576,0.06372628,0.25482367,0.14846245,0.0,0.5711557,0.08970238,0.25289395,0.08624672,2.81539457,1.30864719,2.08185806,1.94882151
IMG_8397,normal,0,S1,18.96,d_machine_x,0.41266978,0.02624235,0.01563228,0.05279712,0.0,0.79337592,0.16905127,0.02679727,0.01077242,0.10147248,0.42190066,3.29263786,2.7326387,0.13597474,0.05414614,0.27613456,0.17461233,0.0,0.64802694,0.05974953,0.21745929,0.07388427,2.42898579,1.15384074,2.1694135,2.0267395,0.10037548,0.0489481,0.2648182,0.14551968,0.0,0.61300831,0.08474174,0.21901624,0.08319965,3.12592589,1.22177628,1.93444769,1.88509808
IMG_8398,normal,0,S1,18.96,d_machine_x,0.40312238,0.0435732,0.03496236,0.07656397,0.0,0.72722229,0.19282537,0.05422668,0.02569257,0.19481817,0.60651767,5.19677694,4.00374372,0.14294499,0.05160319,0.17078224,0.12349221,0.0,0.7125197,0.07579836,0.15409501,0.05754999,1.55574136,0.89415862,2.09614633,1.93418604,0.07942156,0.058569,0.20182674,0.13136845,0.0,0.61776749,0.07151245,0.23776364,0.07295214,3.27865299,1.14166903,1.99056138,1.8880334
IMG_8399,normal,0,S1,18.96,d_machine_x,0.36606673,0.01864169,0.03057585,0.06112833,0.0,0.82771811,0.12231953,0.03592058,0.01401324,0.13444966,0.42270195,3.25145613,2.58883012,0.14241919,0.06519071,0.2296758,0.19115791,0.0,0.63483498,0.07609608,0.21394429,0.07510375,2.07041274,1.14796043,2.00998663,1.91772528,0.14909811,0.06734256,0.23492031,0.16211988,0.0,0.60310114,0.1007114,0.22762835,0.06854186,2.02727495,1.16834162,1.89777304,1.82756686
IMG_8400,normal,0,S1,18.96,d_machine_x,0.46696513,0.03372493,0.02361194,0.05393075,0.0,0.76447971,0.19152174,0.0312047,0.01275644,0.12278619,0.47629735,2.9305077,2.61854429,0.07038273,0.05160871,0.27549162,0.15602578,0.0,0.69488902,0.04929677,0.19317756,0.06145948,4.64745171,1.0065359,2.26262096,2.04351394,0.1128222,0.04980056,0.29020043,0.19731322,0.0,0.62274219,0.09065692,0.2155925,0.07098768,3.01359995,1.14165801,2.01826367,1.88172601
IMG_8401,normal,0,S1,18.96,d_machine_x,0.39009095,0.0376712,0.02763724,0.04956057,0.0,0.80093183,0.14037148,0.03866377,0.0199868,0.16741849,0.46266905,4.3619631,3.15600088,0.22272931,0.05498761,0.29210059,0.14529573,0.0,0.6422803,0.065775,0.21242587,0.07947032,1.55834089,1.15474869,2.19235494,1.9096626,0.11589254,0.06635228,0.26498254,0.18387894,0.0,0.67696158,0.05493801,0.20625366,0.06182563,2.85898307,1.06632618,2.11643849,1.96632854
IMG_8402,normal,0,S1,19.08,d_machine_y,0.42044242,0.0253914,0.02791384,0.0486407,0.0,0.77240354,0.17607712,0.03604606,0.01546815,0.12678369,0.47357169,3.7317632,3.25515847,0.32287344,0.05834112,0.28534473,0.14376962,0.0,0.47389287,0.13490848,0.29358266,0.09761581,1.06445995,1.46716146,1.95428841,1.85299103,0.11518669,0.07056769,0.26231701,0.1493966,0.0,0.58186502,0.08921505,0.24611785,0.08261821,2.88995784,1.27500622,2.02424315,1.80819929
IMG_8403,normal,0,S1,18.96,d_machine_x,0.65747916,0.04989418,0.02958709,0.05787648,0.0,0.54778298,0.38223466,0.04838752,0.02156343,0.12088788,0.7040154,3.25212677,2.88871664,0.16432894,0.06218411,0.29576045,0.11956385,0.0,0.48025341,0.12087283,0.30566152,0.09196302,2.17821981,1.47054441,2.11482686,1.73330622,0.12632786,0.06415175,0.26553882,0.18613749,0.0,0.53932124,0.12548304,0.25368983,0.08145446,2.60980104,1.29390196,2.23607089,1.80805786
IMG_8404,normal,0,S1,19.08,d_machine_x,0.37559784,0.03537259,0.06357004,0.08757504,0.0,0.78670062,0.15215784,0.04812598,0.01300959,0.26342705,0.48322321,3.66205288,2.96263079,0.16874796,0.053177,0.28951818,0.09888245,0.0,0.61301234,0.08527094,0.2313168,0.07037124,2.03081079,1.14612071,2.16635532,1.92684325,0.17044981,0.05247734,0.30171624,0.12345141,0.0,0.53962058,0.11228384,0.27805674,0.06997917,2.07799346,1.28738687,2.0450399,1.91033375
IMG_8405,normal,0,S1,19.08,d_machine_y,0.43043427,0.02488851,0.04333629,0.06620798,0.0,0.76713371,0.18211647,0.03548443,0.01520884,0.15850225,0.50639574,3.40851834,2.90176998,0.24783457,0.06996563,0.27920262,0.16490913,0.0,0.53711827,0.1297564,0.23864962,0.09432169,1.40887627,1.33704748,1.88785871,1.75351927,0.08416577,0.05546324,0.27741831,0.21151565,0.0,0.61050038,0.06876182,0.23494379,0.08551911,3.9550707,1.248779,1.99599111,1.80315107
IMG_8406,normal,0,S1,19.08,d_machine_y,0.47500384,0.03100917,0.01954196,0.07456803,0.0,0.72172777,0.22272986,0.03608684,0.01945517,0.10642257,0.55220942,3.72106692,2.36033413,0.3544767,0.04878112,0.24493222,0.1435824,0.0,0.55062737,0.18711453,0.19694114,0.06517776,0.82858292,1.16035941,2.32090276,2.03195247,0.15944653,0.07649724,0.28555182,0.16716772,0.0,0.52436443,0.12710586,0.272811,0.07551487,2.27066133,1.35508619,2.07126225,1.91837218
IMG_8407,normal,0,S1,19.08,d_machine_x,0.56003131,0.0278192,0.02475603,0.04432845,0.0,0.68282907,0.27406608,0.03103629,0.0120464,0.0938791,0.53798878,2.88432012,2.70226032,0.23667383,0.05607018,0.26106623,0.11944546,0.0,0.62106536,0.09104034,0.20913311,0.07828262,1.33997245,1.14337392,2.25501659,2.20528069,0.11764649,0.04881418,0.27559225,0.14209464,0.0,0.62062351,0.08234541,0.22730556,0.06958482,2.75746802,1.16667262,2.24908897,1.88121061
IMG_8408,normal,0,S1,19.08,d_machine_y,0.41978988,0.02457169,0.02833939,0.05918816,0.0,0.80556613,0.15643696,0.02519496,0.0128019,0.12604184,0.42038162,4.3200109,3.44793885,0.35959181,0.038072,0.32518823,0.12292042,0.0,0.54954983,0.16540417,0.22672691,0.0581343,1.01020162,1.16658361,2.18937138,1.6876952,0.11269304,0.04432029,0.36284252,0.14042038,0.0,0.5468719,0.0961572,0.2909303,0.0658752,3.61302527,1.32040284,2.11225017,1.70847194
IMG_8409,normal,0,S1,18.96,d_machine_x,0.48770415,0.03455679,0.04992599,0.05087964,0.0,0.73012946,0.20319777,0.04474177,0.02192331,0.17322547,0.54565826,4.65866795,3.41621127,0.15302463,0.04945809,0.25576922,0.10212272,0.0,0.63946138,0.07800073,0.21301123,0.06951303,1.99462871,1.11870445,2.52449133,2.11099528,0.16862358,0.06952189,0.26405722,0.11846707,0.0,0.57804946,0.09134161,0.2480577,0.08254213,1.97824716,1.25114834,2.07973707,1.94221447
IMG_8410,normal,0,S1,19.08,d_machine_y,0.40532273,0.02504681,0.03797459,0.0538615,0.0,0.76940429,0.18546867,0.03095155,0.01416225,0.15548449,0.49137107,3.80513576,2.75539666,0.2744048,0.04883681,0.3025304,0.16458015,0.0,0.5664695,0.12799782,0.23262845,0.07282354,1.28047032,1.22789232,2.14113541,1.8347733,0.07241161,0.04579703,0.28858843,0.18634125,0.0,0.63161181,0.07477828,0.22579507,0.06767619,4.61784341,1.16146087,2.06241935,1.82591228
IMG_8411,normal,0,S1,18.96,d_machine_y,0.54256276,0.03543725,0.02745167,0.06041332,0.0,0.66096434,0.28485827,0.03501487,0.01916164,0.11591085,0.57885469,2.81522252,2.72793072,0.25540003,0.06339805,0.29851599,0.11358236,0.0,0.48463198,0.14435665,0.2719022,0.09802624,1.41704779,1.44091474,2.27685904,1.94775012,0.1026726,0.04874052,0.35669484,0.14092671,0.0,0.57255547,0.07281724,0.27449483,0.08002062,3.94881764,1.36445362,1.91511435,1.77199691
IMG_8412,normal,0,S1,19.08,d_machine_y,0.36111001,0.0211698,0.036702,0.06206043,0.0,0.85252775,0.1198169,0.01925225,0.00840293,0.16026087,0.35672289,2.84257232,2.48466804,0.33840444,0.07678037,0.26288733,0.13433677,0.0,0.45976915,0.16170795,0.28166565,0.09671811,1.00373302,1.43620645,2.57777417,1.83318558,0.13263409,0.06769152,0.26416486,0.15504012,0.0,0.52892844,0.11293101,0.28362024,0.07448868,2.50204441,1.33842729,2.20403648,1.84436315
IMG_8413,normal,0,S1,19.08,d_machine_x,0.43185819,0.03139899,0.04574256,0.08427511,0.0,0.75229615,0.18392063,0.04220358,0.02154526,0.17862705,0.53670041,3.29538415,2.72916765,0.13395395,0.043105,0.27453977,0.12945088,0.0,0.6377542,0.09708077,0.19402157,0.07073959,2.37129838,1.07467355,1.91699075,1.80782037,0.1232568,0.06938993,0.26691114,0.13566416,0.0,0.63508472,0.10513926,0.19113978,0.06835436,2.72845841,1.08772836,1.93440845,1.84526112
IMG_8414,normal,0,S1,19.08,d_machine_x,0.55061313,0.04907905,0.06460274,0.09030623,0.0,0.60839843,0.27710784,0.07758018,0.03691297,0.20646401,0.78591963,3.99581459,3.21751968,0.2714732,0.05171422,0.38249397,0.17339408,0.0,0.46744527,0.12478771,0.32343216,0.08427705,1.59945141,1.53838868,2.38161758,2.0158165,0.10698119,0.06381378,0.3106578,0.17793883,0.0,0.56582825,0.08116272,0.28031323,0.07269542,3.50034972,1.3207709,2.78372089,1.78822516
IMG_8415,normal,0,S1,19.08,d_machine_x,0.44140886,0.03580286,0.02892543,0.07795095,0.0,0.74571281,0.17354531,0.05460821,0.02608539,0.14664022,0.56321964,3.22202515,2.5924771,0.14040043,0.03432595,0.41243317,0.13488072,0.0,0.59486388,0.08958494,0.25431531,0.06123151,3.18203527,1.21281387,2.24449209,2.15515962,0.1128771,0.03818513,0.37763642,0.17077365,0.0,0.58079727,0.11306042,0.24415256,0.06198823,3.68384343,1.21874438,2.55963682,2.16293269
IMG_8418,normal,0,S3,19.08,d_machine_x,0.46214134,0.0161417,0.03378184,0.06305875,0.0,0.72542836,0.20350554,0.03642811,0.03463698,0.10802656,0.58926102,3.83087082,3.70970681,0.15982953,0.0303874,0.28034321,0.1105801,0.0,0.78503782,0.0553815,0.12606603,0.03351174,1.94413762,0.73631733,4.19368608,4.24377476,0.09531673,0.03408386,0.27431266,0.14222216,0.0,0.75805403,0.05936705,0.13312832,0.04939796,3.235492,0.87337878,3.16968404,2.51795701
IMG_8419,normal,0,S4,19.08,d_machine_x,0.46393354,0.02786526,0.03581764,0.0553234,0.0,0.7618842,0.18369125,0.03822306,0.01619815,0.13726728,0.53584754,3.33902076,3.26677631,0.1190982,0.0650585,0.39650298,0.1263079,0.0,0.55953933,0.08794702,0.24995333,0.10256025,3.87546984,1.41151708,2.94755512,2.323198,0.11045352,0.06914904,0.33584481,0.20690098,0.0,0.60497865,0.07687032,0.22464753,0.09347888,3.66664517,1.29642293,2.96904152,2.61898235
IMG_8420,normal,0,S4,19.08,d_machine_x,0.45462249,0.02562589,0.03955891,0.07636317,0.0,0.74052604,0.18661414,0.05028881,0.02254315,0.14338225,0.5795255,2.95832064,2.61324329,0.15949448,0.03553235,0.22690814,0.18661978,0.0,0.80040744,0.06409751,0.10427888,0.03117591,1.64545182,0.69111084,2.94425317,2.55041993,0.08455964,0.05275611,0.24871966,0.16482796,0.0,0.72766463,0.06293699,0.1605854,0.04876559,3.56524403,0.90802967,3.15458499,2.59157181
IMG_8421,normal,0,S4,19.08,d_machine_y,0.30704369,0.02014809,0.02468074,0.05452408,0.0,0.89587168,0.0794672,0.01703241,0.00762751,0.14600146,0.30817053,2.666395,2.48822247,0.13956333,0.03489788,0.29338888,0.12951084,0.0,0.7837026,0.04024624,0.13738506,0.03864532,2.3522423,0.77561986,2.36707484,1.66446394,0.06532027,0.03940371,0.29602938,0.15684739,0.0,0.73728195,0.0436185,0.17087145,0.0482206,5.13520631,0.87776596,2.47659907,2.03962877
IMG_8422,normal,0,S4,19.08,d_machine_x,0.36532512,0.02243707,0.02066259,0.06405705,0.0,0.81328583,0.13898315,0.0332676,0.01443141,0.11797616,0.44269924,3.77052977,2.96854511,0.10745031,0.03790451,0.20495894,0.1268024,0.0,0.77100883,0.05336692,0.12792245,0.04770031,2.26023962,0.76882555,3.23575595,2.59812183,0.08370487,0.04983745,0.21992594,0.13573021,0.0,0.71261662,0.05050064,0.17493869,0.06192175,3.22279204,0.93678187,3.02570289,2.76214886
IMG_8423,normal,0,S4,19.08,d_machine_x,0.40208804,0.02284567,0.02665145,0.05981477,0.0,0.77254254,0.17950929,0.03375236,0.01419564,0.12310021,0.48474842,2.93125155,2.69624008,0.18581976,0.05441209,0.24345147,0.15571618,0.0,0.61778938,0.09819304,0.20908649,0.0749233,1.60297036,1.15292419,6.34562955,7.09176984,0.09442239,0.03918575,0.21928119,0.17125296,0.0,0.62266537,0.06535026,0.2327916,0.07917238,2.73734789,1.20273797,3.88127515,3.38387891
IMG_8424,normal,0,S3,19.08,d_machine_x,0.34867868,0.02380363,0.02055118,0.0657536,0.0,0.84675803,0.11485778,0.02556875,0.0128153,0.12720828,0.40016753,3.24894453,2.75269879,0.10637244,0.05200016,0.22856554,0.11496179,0.0,0.72386489,0.04776158,0.17339159,0.05497582,2.6375788,0.94694413,3.01806425,2.81494173,0.07688293,0.05763037,0.20268517,0.21634948,0.0,0.73474008,0.04245849,0.16721277,0.05557986,3.38586924,0.92137245,3.29702154,2.72853481
IMG_8425,normal,0,S3,19.08,d_machine_x,0.36542736,0.02834356,0.062304,0.04583383,0.0,0.82578198,0.13111088,0.02922583,0.01387647,0.24805902,0.41732539,3.44874346,3.0745591,0.13454525,0.05491664,0.30562242,0.12888438,0.0,0.69787133,0.05739058,0.17973285,0.06496301,2.67968626,1.03209273,3.56000206,2.8196405,0.10219569,0.06074626,0.31474567,0.10889405,0.0,0.64621952,0.06475112,0.21195229,0.07702786,3.67424404,1.15615144,2.8913431,2.59104514
IMG_8426,normal,0,S3,18.96,d_machine_x,0.42417653,0.03032228,0.05994931,0.05998808,0.0,0.77389818,0.15822875,0.04517998,0.02267888,0.21281609,0.51091158,3.1080827,2.85498635,0.11101053,0.02926268,0.28620919,0.11615963,0.0,0.74846107,0.05828587,0.14643097,0.04682108,2.84181923,0.84105956,2.31967416,1.64011833,0.06979351,0.0346477,0.26971538,0.0879871,0.0,0.71822473,0.0586617,0.17202041,0.05109307,4.36090814,0.8912983,2.53448569,1.97488397
IMG_8427,normal,0,S2,19.08,d_machine_x,0.39582404,0.02499283,0.04267741,0.05465656,0.0,0.77480957,0.16494717,0.04011061,0.02013263,0.17096039,0.52239033,3.21850254,2.636816,0.19188181,0.06365645,0.25929761,0.13807692,0.0,0.60925577,0.08385692,0.22960773,0.0772673,1.68308846,1.22457274,3.25013873,2.65988046,0.09618144,0.0687911,0.26252074,0.12404175,0.0,0.58277833,0.06669106,0.26447965,0.08603297,3.44465465,1.31659764,3.56542885,2.9745458
IMG_8428,normal,0,S2,19.08,d_machine_x,0.47758136,0.0275259,0.03952679,0.06483874,0.0,0.73186533,0.20012282,0.04665983,0.02134229,0.14040056,0.55941984,2.91738576,2.64898823,0.20109323,0.05736347,0.26175621,0.13053541,0.0,0.69190926,0.07211026,0.17754605,0.05843442,1.58692407,0.989032,2.96048173,2.58748142,0.10596788,0.06174027,0.2663708,0.1442691,0.0,0.64917177,0.05929838,0.21805427,0.07347094,3.09632566,1.16462171,2.63577702,2.05001128
IMG_8429,normal,0,S2,19.08,d_machine_x,0.42565537,0.02381614,0.05104952,0.05401103,0.0,0.77850638,0.1587001,0.04221154,0.02056294,0.17588326,0.50086376,3.61219719,3.03784452,0.1410533,0.03235297,0.25033557,0.07277343,0.0,0.77439092,0.04761071,0.13705361,0.0409154,2.00412568,0.76606011,3.16387844,2.71634154,0.10867072,0.03857125,0.24506544,0.14621751,0.0,0.73010352,0.06095696,0.16134973,0.0475709,2.6100563,0.8846547,2.86015023,2.57196056
IMG_8431,normal,0,S2,18.96,d_machine_x,0.39589681,0.02252673,0.06143644,0.0728594,0.0,0.76391739,0.16466104,0.05064021,0.02077995,0.21208349,0.52963782,2.87896012,2.60388061,0.12809382,0.04788526,0.40644943,0.19613945,0.0,0.53736975,0.09400265,0.28986884,0.07875864,3.54689013,1.38984384,3.51560664,2.93969824,0.14919371,0.04258804,0.3820577,0.17508753,0.0,0.54985211,0.09052077,0.28087798,0.07872649,2.84627111,1.39575118,3.04991775,2.69128522
IMG_8432,normal,0,S2,18.96,d_machine_x,0.36788645,0.02517535,0.04399971,0.06404524,0.0,0.77999396,0.15758538,0.04109999,0.02127503,0.18803375,0.50880978,3.09456782,2.98800938,0.16838846,0.0483223,0.39458132,0.15558812,0.0,0.56388993,0.07601079,0.30110164,0.05898802,2.63024926,1.31262072,2.36310556,1.9701279,0.10280458,0.04199727,0.34935901,0.13477876,0.0,0.59193196,0.0724298,0.2706603,0.06494432,3.80679823,1.27006288,2.33786231,2.09298726
IMG_8444,under3g,1,S6,19.08,d_machine_x,1.00065997,0.03620117,0.03715625,0.09182549,0.0,0.1451504,0.81447842,0.02820978,0.01213599,0.07330904,0.97051667,7.92784408,36.400292,0.0913198,0.04355432,0.14530734,0.19716331,0.0,0.76782037,0.05465953,0.13439434,0.04239309,2.06813483,0.7705156,4.13075959,2.86709675,0.10202772,0.05472908,0.14595037,0.19635691,0.0,0.68952325,0.09889751,0.16134907,0.05007738,1.96691092,0.92615993,2.58813089,1.99485999
IMG_8445,under3g,1,S6,18.96,d_machine_x,0.6617988,0.02621541,0.04959096,0.08943519,0.0,0.50497024,0.43694233,0.0382949,0.01978851,0.11454594,0.73960693,2.59532432,2.40378107,0.13346352,0.03554695,0.18249609,0.12273702,0.0,0.80973923,0.0544072,0.10366576,0.0321873,1.6337277,0.655086,3.18117421,3.44542825,0.09140766,0.05687653,0.21628928,0.21021103,0.0,0.74847406,0.08394744,0.13106837,0.03643937,2.9884347,0.81600453,1.90898661,1.71684353
IMG_8446,under3g,1,S6,18.84,d_machine_x,0.89561533,0.0273225,0.03562437,0.09929761,0.0,0.29681973,0.64512144,0.04059507,0.01746136,0.07028337,0.90399576,4.00131575,3.88131434,0.17703611,0.06489265,0.23298371,0.22741381,0.0,0.62287661,0.10109907,0.20334197,0.07267748,1.68257398,1.13411444,2.51840941,2.11363348,0.09295895,0.04769553,0.23756015,0.23609141,0.0,0.65861154,0.10111869,0.18852343,0.05170682,3.06861995,1.03799387,2.22932002,1.92478495
IMG_8447,under3g,1,S6,18.96,d_machine_x,0.77241776,0.03116757,0.03292624,0.07972026,0.0,0.35028318,0.59219535,0.04058233,0.01685464,0.08297816,0.84484173,3.02076224,2.78207821,0.2128641,0.03998303,0.15305606,0.13185714,0.0,0.6762429,0.11124821,0.15068195,0.06180981,0.90686542,0.94085845,3.37886265,4.87048083,0.10150909,0.04541534,0.16841613,0.13822488,0.0,0.67220087,0.11299932,0.16206987,0.05270201,2.10652534,0.94780732,1.94600765,1.72830835
IMG_8448,under3g,1,S6,18.84,d_machine_x,0.62656441,0.015331,0.01835604,0.09556467,0.0,0.65803245,0.31056525,0.02094279,0.01044332,0.05376469,0.54109115,3.12240575,2.4990039,0.15918045,0.03993049,0.13525361,0.11049742,0.0,0.79933514,0.0647688,0.0947145,0.04118052,1.1005378,0.66595241,2.74838657,2.3545103,0.09404588,0.03714745,0.18031588,0.16521934,0.0,0.74938325,0.06739516,0.13604786,0.0471703,2.31231093,0.79685848,2.26070998,2.05267486
IMG_8449,under3g,1,S6,18.84,d_machine_x,0.65308346,0.02141147,0.01761898,0.06819951,0.0,0.5779935,0.3851802,0.02441068,0.01240916,0.05976334,0.60486835,3.92127677,2.82654517,0.23293838,0.07858385,0.25476838,0.17138302,0.0,0.5062272,0.15070406,0.25029216,0.09273674,1.43107471,1.35760106,2.481494,1.62923523,0.16611427,0.0607391,0.28831263,0.16932132,0.0,0.57662428,0.09107158,0.26095739,0.07134157,2.10127472,1.24769005,2.56370568,2.02766044
IMG_8450,under3g,1,S6,18.84,d_machine_x,0.84276005,0.0248955,0.04961433,0.08518783,0.0,0.35481626,0.5837979,0.04138501,0.01996253,0.08841167,0.85666308,2.98704172,2.62389142,0.10491289,0.0305736,0.12906648,0.1774069,0.0,0.80039557,0.05842322,0.10223026,0.03895082,1.52164409,0.70196209,2.71018474,2.37010498,0.09620578,0.04740219,0.189679,0.15635185,0.0,0.72943333,0.07355338,0.15712134,0.03986247,2.46431331,0.82109752,2.75614447,2.15992355
IMG_8451,under3g,1,S6,18.96,d_machine_x,0.77102351,0.03356936,0.08280122,0.08673851,0.0,0.36011525,0.5077685,0.09069681,0.04141502,0.15093,0.99995752,2.54116405,2.29463672,0.10771143,0.06197262,0.22936409,0.15121465,0.0,0.47652831,0.10552608,0.28654004,0.13134878,2.70478912,1.58003813,1.91142539,1.67897762,0.08217442,0.04796668,0.21566388,0.20150018,0.0,0.57146831,0.10484413,0.23660646,0.08707976,3.2081829,1.24763286,2.0185159,1.80799793
IMG_8453,under3g,1,S6,18.48,d_machine_x,1.10903264,0.08155751,0.03807369,0.02743467,0.0,0.03114285,0.94179446,0.01966565,0.00737566,0.10786987,1.0287571,1.84956418,1.78593613,0.55199667,0.06785237,0.19704076,0.13405126,0.0,0.43563825,0.32507495,0.17619182,0.06309459,0.47988174,1.18563504,2.07602806,1.76513231,0.25163969,0.07038898,0.19325597,0.17949928,0.0,0.60101758,0.12643461,0.19738699,0.07514093,1.04770811,1.14741476,2.04004945,1.78304564
IMG_8454,under3g,1,S6,18.6,d_machine_x,0.98754131,0.07310464,0.04043827,0.03105796,0.0,0.04261007,0.93296327,0.01797622,0.00643226,0.11497535,1.01154853,1.85484291,1.82858125,0.49586607,0.05240662,0.2036142,0.17104731,0.0,0.42046373,0.31575335,0.18881875,0.07494592,0.51631043,1.2727797,2.50377805,2.17423572,0.21879084,0.06191177,0.16086252,0.17718178,0.0,0.60729644,0.14986802,0.16938052,0.07334297,1.01820666,1.11177702,2.2949109,1.99536705
IMG_8455,under3g,1,S6,18.6,d_machine_x,1.0611325,0.0620693,0.07534341,0.04771988,0.0,0.04849374,0.91445126,0.02610484,0.01095014,0.12949627,1.04375144,3.02701682,1.99977948,0.87810998,0.06786045,0.12487403,0.1127126,0.0,0.22805992,0.65821117,0.08429877,0.02933126,0.21948786,1.07172586,2.44148899,2.06633947,0.25073812,0.0388998,0.05883856,0.16175356,0.0,0.70394142,0.11904816,0.12944073,0.04756592,0.38980255,0.85147944,2.10857626,1.78495749
IMG_8456,under3g,1,S6,18.6,d_machine_x,1.05758217,0.03968635,0.09036269,0.03635305,0.0,0.04211306,0.92156206,0.02540081,0.01092406,0.12296826,1.04841965,2.37025865,2.06128724,0.84616808,0.06927056,0.17356253,0.1173738,0.0,0.21969171,0.63072577,0.10827757,0.04109725,0.28697973,1.1550012,2.23735432,1.96950664,0.1639762,0.0618607,0.13401298,0.19825891,0.0,0.65178378,0.10044231,0.1779942,0.0697559,1.19452511,1.04188044,1.98392449,1.79871239
IMG_8457,under3g,1,S6,18.6,d_machine_x,1.08634637,0.04289091,0.09423205,0.0355262,0.0,0.05299297,0.91067759,0.0252138,0.0111093,0.12622398,1.04548313,2.22074028,2.14091689,0.85455469,0.06879014,0.16167728,0.07240341,0.0,0.21297501,0.5904908,0.14117441,0.0551599,0.269693,1.24301165,2.08387555,1.92464775,0.2663417,0.06088268,0.1295911,0.16723955,0.0,0.59048149,0.14570357,0.18697404,0.0768187,0.71514817,1.15896583,1.92203186,1.81926413
IMG_8458,under3g,1,S6,18.48,d_machine_x,0.96116597,0.0969787,0.05871499,0.03601849,0.0,0.03293844,0.94060427,0.02010718,0.00634998,0.16198419,1.02912576,1.91355095,1.79390628,0.56692236,0.04554231,0.09235542,0.10242937,0.0,0.42192051,0.3971165,0.11845699,0.06250553,0.24323918,1.10482146,2.20094688,2.14583783,0.20133861,0.04683285,0.06613897,0.13250069,0.0,0.67195897,0.12582348,0.13623422,0.06597317,0.56110361,0.9761536,1.96587825,1.95194846
IMG_8459,under3g,1,S6,18.6,d_machine_x,0.94607643,0.06948556,0.05794659,0.02671194,0.0,0.04717518,0.93102685,0.0162739,0.00552016,0.13469541,1.00353509,1.92559108,1.76233063,0.52643583,0.05576323,0.11626082,0.18195931,0.0,0.43949935,0.34594685,0.14998074,0.06457296,0.32677117,1.13989739,2.04969272,1.93993114,0.18026173,0.06440006,0.1008254,0.2102575,0.0,0.56392835,0.12938417,0.22016808,0.08638338,0.91658645,1.25748374,1.97224668,1.84049861
IMG_8460,under3g,1,S6,18.48,d_machine_x,0.96063291,0.05985012,0.06917228,0.02509511,0.0,0.03025104,0.94591927,0.01735627,0.00647315,0.13430978,1.0328137,1.92025374,1.6970338,0.58639335,0.05745016,0.09820626,0.10813111,0.0,0.35942187,0.42742286,0.14866865,0.06446172,0.2654471,1.16675103,2.06801316,1.92690146,0.29229748,0.05619095,0.07220629,0.13918821,0.0,0.55621458,0.18974853,0.17760832,0.07642829,0.43926907,1.08435179,1.99015563,1.89388409
